"PPRTV Substance ID","Chemical","CASRN","Last Revision","PPRTV Assessment","IRIS Link","RfC Value","RfD Value","WOE","RA Present?","RfD","POD-Type","POD-Endpoint","POD-Category","POD-Species","POD","POD-HED","UF_L","UF_S","UF_D","Notes","RfC","AddlNotes","DTXSID","dtxcid","preferredName","hasStructureImage","smiles","isMarkush","searchName","searchValue","rank","isDuplicate","id","cpdataCount","INCHIKEY","wikipediaArticle","monoisotopicMass","percentAssays","pubchemCount","pubmedCount","sourcesCount","qcLevel","qcLevelDesc","isotope","multicomponent","totalAssays","pubchemCid","relatedSubstanceCount","relatedStructureCount","compoundId","genericSubstanceId","activeAssays","molFormula","iupacName","inchiString","qcNotes","qsarReadySmiles","msReadySmiles","irisLink","pprtvLink","toxcastSelect","POD-HED.lb","SMILES..original.","Salt_Solvent","SMILES..standardized.","CHEMICAL.NAME","MW","TSNE1","TSNE2","Kingdom","Superclass","Class","Subclass","PODrd.train","PODrd.rep","POD.rd.pred","POD.rd.pred.lb","POD.rd.pred.ub","POD.rd.pred.Jaccard","PODnc.train","PODnc.rep","POD.nc.pred","POD.nc.pred.lb","POD.nc.pred.ub","POD.nc.pred.Jaccard","HED.nc","HED.nc.lb","HED.nc.ub","HED.rd","HED.rd.lb","HED.rd.ub","HED.min","HED.min.lb"
2029,"Aluminum Phosphate Salts","7784-30-7",2023,"https://cfpub.epa.gov/ncea/pprtv/documents/AluminumPhosphateSalts.pdf","Not available","Not available","3 x 10-1 mg/kg-day","Inadequate information to assess carcinogenic potential","Y","Y","NOAEL","Neurobehavioral","RepDev","mouse",26,3.88790683117517,1,1,1,"Selected one representative CASRN",NA,NA,"DTXSID5064839","DTXCID6048042","Monoaluminum phosphate",1,"[Al+3].[O-]P([O-])([O-])=O",0,"CASRN","7784-30-7",5,FALSE,"965035",71,"ILRRQNADMUWWFW-UHFFFAOYSA-K","Aluminium phosphate",121.934959,NA,65,301,31,1,"Level 1: Expert curated, highest confidence in accuracy and consistency of unique chemical identifiers",0,1,NA,64655,NA,NA,48042,64839,NA,"AlO4P","Aluminium phosphate","InChI=1S/Al.H3O4P/c;1-5(2,3)4/h;(H3,1,2,3,4)/q+3;/p-3
","Record was reviewed with Common Chemistry",NA,NA,NA,NA,NA,3.88790683117517,NA,NA,NA,NA,NA,NA,NA,NA,NA,NA,NA,NA,NA,NA,NA,NA,NA,NA,NA,NA,NA,NA,NA,NA,NA,NA,NA,NA,NA,NA,NA
1562,"4-Amino-2,6-Dinitrotoluene","19406-51-0",2020,"https://cfpub.epa.gov/ncea/pprtv/documents/Amino26Dinitrotoluene4.pdf","Not available","Not available","1 x 10-4 mg/kg-day","Inadequate information to assess carcinogenic potential","Y","Y","LOAEL","Hepatocyte swelling","GeneralTox","dog",0.5,0.3,3,3,10,"HED provided",NA,NA,"DTXSID8074312","DTXCID8036077","4-Amino-2,6-dinitrotoluene",1,"CC1=C(C=C(N)C=C1[N+]([O-])=O)[N+]([O-])=O",0,"CASRN","19406-51-0",5,FALSE,"284101",1,"KQRJATLINVYHEZ-UHFFFAOYSA-N",NA,197.043655717,NA,86,30,23,2,"Level 2.5: Programmatically loaded based on Common Chemistry Data provide by Chemical Abstract Services",0,0,NA,29574,NA,NA,36077,74312,NA,"C7H7N3O4","4-Methyl-3,5-dinitroaniline","InChI=1S/C7H7N3O4/c1-4-6(9(11)12)2-5(8)3-7(4)10(13)14/h2-3H,8H2,1H3
","SRS/ChemID matched; SRS trust index 3","CC1=C(C=C(N)C=C1[N+]([O-])=O)[N+]([O-])=O","CC1=C(C=C(N)C=C1[N+]([O-])=O)[N+]([O-])=O",NA,"Amino26Dinitrotoluene4",NA,0.0333333333333333,"CC1C(=CC(N)=CC=1[N+]([O-])=O)[N+]([O-])=O","","CC1C(=CC(N)=CC=1[N+]([O-])=O)[N+]([O-])=O","4-Amino-2,6-dinitrotoluene",197.15,-138.86,17.65,"Organic compounds","Benzenoids","Benzene and substituted derivatives","Toluenes",NA,NA,1.28734762709203,0.0619384098318516,2.26245896266774,0.56,NA,-1.57,0.347033805030573,-0.757885008656502,2.20331577834084,0.49,2.22348295751544,0.174628446829221,159.703994329845,19.3797257590631,1.15328969059684,183.003317473849,2.22348295751544,0.174628446829221
1563,"2-Amino-4,6-Dinitrotoluene","35572-78-2",2020,"https://cfpub.epa.gov/ncea/pprtv/documents/Amino46Dinitrotoluene2.pdf","Not available","Not available","1 x 10-4 mg/kg-day","Inadequate information to assess carcinogenic potential","Y","Y","LOAEL","Hepatocyte swelling","GeneralTox","dog",0.5,0.3,3,3,10,"HED provided",NA,NA,"DTXSID6044068","DTXCID4024068","2-Amino-4,6-dinitrotoluene",1,"CC1=C(C=C(C=C1N)[N+]([O-])=O)[N+]([O-])=O",0,"CASRN","35572-78-2",5,FALSE,"724210",1,"IEEJAAUSLQCGJH-UHFFFAOYSA-N",NA,197.043655717,NA,104,35,24,1,"Level 1: Expert curated, highest confidence in accuracy and consistency of unique chemical identifiers",0,0,NA,37182,NA,NA,24068,44068,NA,"C7H7N3O4","2-Methyl-3,5-dinitroaniline","InChI=1S/C7H7N3O4/c1-4-6(8)2-5(9(11)12)3-7(4)10(13)14/h2-3H,8H2,1H3
",NA,"CC1=C(C=C(C=C1N)[N+]([O-])=O)[N+]([O-])=O","CC1=C(C=C(C=C1N)[N+]([O-])=O)[N+]([O-])=O",NA,"Amino46Dinitrotoluene2",NA,0.0333333333333333,"CC1=C(N)C=C(C=C1[N+]([O-])=O)[N+]([O-])=O","","CC1=C(N)C=C(C=C1[N+]([O-])=O)[N+]([O-])=O","2-Amino-4,6-dinitrotoluene",197.15,-141.69,10.74,"Organic compounds","Benzenoids","Benzene and substituted derivatives","Toluenes",NA,NA,1.27414544105563,0.058022209342206,2.25232750281452,0.51,NA,-1.57,0.227096894822542,-0.757785191424966,2.20141883183409,0.45,1.68692935180843,0.174668587637203,159.007947558792,18.7994628737215,1.14293678182542,178.78352787579,1.68692935180843,0.174668587637203
2010,"Ammonium Picrate","131-74-8",2020,"https://cfpub.epa.gov/ncea/pprtv/documents/AmmoniumPicrate.pdf","Not available","Not available","2 x 10-3 mg/kg-day","Inadequate information to assess carcinogenic potential","Y","Y","NOAEL","Methemoglobinemia","GeneralTox","rat",2.68,0.643,1,1,10,"HED provided",NA,NA,"DTXSID50872815","DTXCID90820390","Ammonium picrate",1,"[NH4+].[O-]C1=C(C=C(C=C1[N+]([O-])=O)[N+]([O-])=O)[N+]([O-])=O",0,"CASRN","131-74-8",5,FALSE,"1079758",1,"PADMMUFPGNGRGI-UHFFFAOYSA-N","Dunnite",246.023648549,NA,24,386,33,1,"Level 1: Expert curated, highest confidence in accuracy and consistency of unique chemical identifiers",0,1,NA,8577,NA,NA,820390,872815,NA,"C6H6N4O7","Ammonium 2,4,6-trinitrophenolate","InChI=1S/C6H3N3O7.H3N/c10-6-4(8(13)14)1-3(7(11)12)2-5(6)9(15)16;/h1-2,10H;1H3
",NA,"OC1=C(C=C(C=C1[N+]([O-])=O)[N+]([O-])=O)[N+]([O-])=O","OC1=C(C=C(C=C1[N+]([O-])=O)[N+]([O-])=O)[N+]([O-])=O",NA,NA,NA,0.643,"[NH4+].[O-]C1C(=CC(=CC=1[N+]([O-])=O)[N+]([O-])=O)[N+]([O-])=O","[NH4+]","[O-][N+](=O)C1=CC(=C(O)C(=C1)[N+]([O-])=O)[N+]([O-])=O","Ammonium picrate",229.1,-143.05,10.01,"Organic compounds","Benzenoids","Benzene and substituted derivatives","Nitrobenzenes",NA,NA,1.30917511036745,0.08034915791766,2.31781158995232,0.43,NA,NA,0.203556179354096,-0.895221587919761,2.28277436156493,0.39,1.59792421956081,0.127285347359223,191.767215198218,20.3786359196529,1.20323140277759,207.87946476224,1.59792421956081,0.127285347359223
2025,"Benzo[e]pyrene (BeP)","192-97-2",2021,"https://cfpub.epa.gov/ncea/pprtv/documents/Benzo[e]pyreneBeP.pdf","Not available","2 x 10-6 mg/m3","9 x 10-5 mg/kg-day","Inadequate information to assess carcinogenic potential","Y","Y","BMDL","Neurobehavioral","RepDev","rat",0.092,0.0224904590320054,1,1,10,NA,"Y",NA,"DTXSID3023764","DTXCID103764","Benzo[e]pyrene",1,"C1=CC2=C3C=CC=C4C=CC5=CC=CC(=C2C=C1)C5=C34",0,"CASRN","192-97-2",5,FALSE,"80981",2,"TXVHTIQJNYSSKO-UHFFFAOYSA-N","Benzo(e)pyrene",252.0939003864,12,87,55,71,1,"Level 1: Expert curated, highest confidence in accuracy and consistency of unique chemical identifiers",0,0,460,9128,NA,NA,3764,23764,54,"C20H12","Benzo[e]pyrene","InChI=1S/C20H12/c1-2-8-16-15(7-1)17-9-3-5-13-11-12-14-6-4-10-18(16)20(14)19(13)17/h1-12H
",NA,"C1=CC2=C3C=CC=C4C=CC5=CC=CC(=C2C=C1)C5=C34","C1=CC2=C3C=CC=C4C=CC5=CC=CC(=C2C=C1)C5=C34",NA,NA,"54/460",0.0224904590320054,"C1=CC2=CC=CC3=C2C2=C(C=CC=C21)C1C=CC=CC3=1","","C1=CC2=CC=CC3=C2C2=C(C=CC=C21)C1C=CC=CC3=1","Benzo[e]pyrene",252.32,-109.65,48.98,"Organic compounds","Benzenoids","Pyrenes","Benzopyrenes",NA,NA,1.64231457938514,-0.514765833292135,2.47843402392773,0.61,NA,NA,-0.172488070428912,-1.05797399317794,2.34696204647635,0.48,0.672220773991285,0.0875036173380404,222.311560138229,43.8848460716545,0.305656873652553,300.908200788969,0.672220773991285,0.0875036173380404
2045,"2,3-Benzofluorene","243-17-4",2024,"https://cfpub.epa.gov/ncea/pprtv/documents/Benzofluorene23.pdf","Not available","Not available","5 x 10-3 mg/kg-day","Inadequate information to assess carcinogenic potential","Y","Y","NOAEL","Decreased RBC, PCV, hct","GeneralTox","mouse",125,16.3,1,10,10,"HED provided",NA,NA,"DTXSID1022477","DTXCID902477","11H-Benzo[b]fluorene",1,"C1C2=CC=CC=C2C2=CC3=CC=CC=C3C=C12",0,"CASRN","243-17-4",5,FALSE,"1120937",NA,"HAPOJKSPCGLOOD-UHFFFAOYSA-N",NA,216.0939003864,NA,81,6,28,1,"Level 1: Expert curated, highest confidence in accuracy and consistency of unique chemical identifiers",0,0,NA,9201,NA,NA,2477,22477,NA,"C17H12","11H-Benzo[b]fluorene","InChI=1S/C17H12/c1-2-6-13-11-17-15(9-12(13)5-1)10-14-7-3-4-8-16(14)17/h1-9,11H,10H2
",NA,"C1C2=CC=CC=C2C2=CC3=CC=CC=C3C=C12","C1C2=CC=CC=C2C2=CC3=CC=CC=C3C=C12",NA,"Benzofluorene23",NA,1.63,"C1C2=CC=CC=C2C2=CC3=CC=CC=C3C=C21","","C1C2=CC=CC=C2C2=CC3=CC=CC=C3C=C21","11H-Benzo[b]fluorene",216.28,-31.31,65.09,"Organic compounds","Benzenoids","Fluorenes","",NA,NA,1.52230660565809,-0.575279258546528,2.41937127166075,0.71,NA,NA,1.16983979174055,-0.958295851088368,2.31395587064396,0.61,14.7856285584348,0.110078917192726,206.042054001045,33.2894489075115,0.265901471945444,262.646290658094,14.7856285584348,0.110078917192726
1599,"1-Bromo-2-chloroethane","107-04-0",2021,"https://cfpub.epa.gov/ncea/pprtv/documents/Bromo2chloroethane1.pdf","Not available","6 x 10-5 mg/m3","1 x 10-4 mg/kg-day","Inadequate information to assess carcinogenic potential","Y","Y","NOAEL","Testicular toxicity","RepDev","rabbit",0.7,0.3,1,10,10,"HED provided","Y",NA,"DTXSID4024775","DTXCID904775","1-Chloro-2-bromoethane",1,"ClCCBr",0,"CASRN","107-04-0",5,FALSE,"232761",1,"IBYHHJPAARCAIE-UHFFFAOYSA-N",NA,141.918491,1,111,6,60,1,"Level 1: Expert curated, highest confidence in accuracy and consistency of unique chemical identifiers",0,0,326,7849,NA,NA,4775,24775,2,"C2H4BrCl","1-Bromo-2-chloroethane","InChI=1S/C2H4BrCl/c3-1-2-4/h1-2H2
",NA,"ClCCBr","ClCCBr",NA,"Bromo2chloroethane1","2/326",0.03,"ClCCBr","","ClCCBr","1-Chloro-2-bromoethane",143.41,98.44,-122.93,"Organic compounds","Organohalogen compounds","Organochlorides","",NA,NA,1.1617377749729,-0.477593683765207,2.17142079572633,0.65,NA,NA,0.640712844341311,-0.452083373096168,1.94051845033403,0.62,4.37232911012143,0.35311537443797,87.2003946248523,14.5123510386111,0.332970927790319,148.395521967484,4.37232911012143,0.332970927790319
1600,"1-Bromo-3-fluorobenzene","1073-06-9",2017,"https://cfpub.epa.gov/ncea/pprtv/documents/Bromo3fluorobenzene1.pdf","Not available","Not available","Not available","Inadequate information to assess carcinogenic potential","Y","Y","NOAEL","Increased liver/body weight","GeneralTox","rat",5,1,1,10,10,"HED provided","Y",NA,"DTXSID9061461","DTXCID3033066","1-Bromo-3-fluorobenzene",1,"FC1=CC(Br)=CC=C1",0,"CASRN","1073-06-9",5,FALSE,"507714",NA,"QDFKKJYEIFBEFC-UHFFFAOYSA-N",NA,173.948041,NA,142,NA,25,1,"Level 1: Expert curated, highest confidence in accuracy and consistency of unique chemical identifiers",0,0,NA,14082,NA,NA,33066,61461,NA,"C6H4BrF","1-Bromo-3-fluorobenzene","InChI=1S/C6H4BrF/c7-5-2-1-3-6(8)4-5/h1-4H
",NA,"FC1=CC(Br)=CC=C1","FC1=CC(Br)=CC=C1",NA,"Bromo3fluorobenzene1",NA,0.1,"FC1C=C(Br)C=CC=1","","FC1C=C(Br)C=CC=1","1-Bromo-3-fluorobenzene",175,-61.33,-37.61,"Organic compounds","Benzenoids","Benzene and substituted derivatives","Halobenzenes",NA,NA,1.03704008010617,-0.587157244198697,2.14617159629248,0.73,NA,-0.57,0.734829271688844,-0.619247626369862,1.99221306257711,0.68,5.43036812814535,0.240299226929355,98.222970153566,10.8903059299337,0.258727597532485,140.014042987196,5.43036812814535,0.240299226929355
1608,"p-Bromofluorobenzene","460-00-4",2017,"https://cfpub.epa.gov/ncea/pprtv/documents/Bromofluorobenzenep.pdf","Not available","Not available","Not available","Inadequate information to assess carcinogenic potential","Y","Y","NOAEL","Increased liver/body weight","GeneralTox","rat",5,1,1,10,10,"HED provided","Y",NA,"DTXSID4027153","DTXCID607153","1-Bromo-4-fluorobenzene",1,"FC1=CC=C(Br)C=C1",0,"CASRN","460-00-4",5,FALSE,"1393367",29,"AITNMTXHTIIIBB-UHFFFAOYSA-N","4-Bromofluorobenzene",173.948041,1,167,NA,51,1,"Level 1: Expert curated, highest confidence in accuracy and consistency of unique chemical identifiers",0,0,460,9993,NA,NA,7153,27153,5,"C6H4BrF","1-Bromo-4-fluorobenzene","InChI=1S/C6H4BrF/c7-5-1-3-6(8)4-2-5/h1-4H
",NA,"FC1=CC=C(Br)C=C1","FC1=CC=C(Br)C=C1",NA,"Bromofluorobenzenep","5/460",0.1,"FC1=CC=C(Br)C=C1","","FC1=CC=C(Br)C=C1","1-Bromo-4-fluorobenzene",175,-51.06,-52.58,"Organic compounds","Benzenoids","Benzene and substituted derivatives","Halobenzenes",NA,NA,1.04950034658713,-0.589750898793996,2.14359277269317,0.75,NA,-0.57,0.755830172664766,-0.614619634780185,2.00086484143616,0.63,5.69941357753123,0.242873630766473,100.199335509474,11.2072832052945,0.257187052485871,139.185108617206,5.69941357753123,0.242873630766473
1612,"tert-Butyl Formate","762-75-4",2017,"https://cfpub.epa.gov/ncea/pprtv/documents/ButylFormatetert.pdf","Not available","Not available","Not available","Inadequate information to assess carcinogenic potential","Y","Y","LOAEL","Decreased BUN","GeneralTox","rat",100,23,10,10,10,"Subchronic HED (no chronic provided)",NA,NA,"DTXSID4024690","DTXCID304690","tert-Butyl formate",1,"CC(C)(C)OC=O",0,"CASRN","762-75-4",5,FALSE,"118232",NA,"RUPAXCPQAAOIPB-UHFFFAOYSA-N","Tert-Butyl formate",102.068079562,0,66,2,42,1,"Level 1: Expert curated, highest confidence in accuracy and consistency of unique chemical identifiers",0,0,234,61207,NA,NA,4690,24690,0,"C5H10O2","tert-Butyl formate","InChI=1S/C5H10O2/c1-5(2,3)7-4-6/h4H,1-3H3
",NA,"CC(C)(C)OC=O","CC(C)(C)OC=O",NA,"ButylFormatetert","0/234",0.23,"CC(C)(C)OC=O","","CC(C)(C)OC=O","tert-Butyl formate",102.13,72.91,-110.94,"Organic compounds","Organic acids and derivatives","Carboxylic acids and derivatives","Carboxylic acid derivatives",NA,NA,1.89125903523296,1.07022358385631,2.63784381763872,0.71,NA,0.17,1.56707485800376,0.489422736088011,2.60815974606617,0.75,36.904120358522,3.08619054276705,405.657720646865,77.8500749880913,11.7550257242725,434.353992318352,36.904120358522,3.08619054276705
1663,"p,p'-DDD","72-54-8",2017,"https://cfpub.epa.gov/ncea/pprtv/documents/DDDpp.pdf","https://cfpub.epa.gov/ncea/iris2/chemicalLanding.cfm?substance_nmbr=347","Not available","Not available","See the IRIS entry for p,p'-DDD","Y","Y","NOAEL","Liver lesions","GeneralTox","rat",0.05,0.01,1,1,10,"HED provided",NA,NA,"DTXSID4020373","DTXCID60373","p,p'-DDD",1,"ClC(Cl)C(C1=CC=C(Cl)C=C1)C1=CC=C(Cl)C=C1",0,"CASRN","72-54-8",5,FALSE,"935238",35,"AHJKRLASYNVKDZ-UHFFFAOYSA-N","Dichlorodiphenyldichloroethane",317.9536611,45,89,967,101,1,"Level 1: Expert curated, highest confidence in accuracy and consistency of unique chemical identifiers",0,0,693,6294,6,5,373,20373,309,"C14H10Cl4","1,1'-(2,2-Dichloroethane-1,1-diyl)bis(4-chlorobenzene)","InChI=1S/C14H10Cl4/c15-11-5-1-9(2-6-11)13(14(17)18)10-3-7-12(16)8-4-10/h1-8,13-14H
",NA,"ClC(Cl)C(C1=CC=C(Cl)C=C1)C1=CC=C(Cl)C=C1","ClC(Cl)C(C1=CC=C(Cl)C=C1)C1=CC=C(Cl)C=C1","347","DDDpp","309/693",0.01,"ClC(Cl)C(C1=CC=C(Cl)C=C1)C1=CC=C(Cl)C=C1","","ClC(Cl)C(C1=CC=C(Cl)C=C1)C1=CC=C(Cl)C=C1","[""p,p'-DDD""]",320.05,-28.73,-57.65,"Organic compounds","Benzenoids","Benzene and substituted derivatives","Diphenylmethanes",NA,-0.59,1.02906713152482,-0.662098176480741,2.36311408946315,0.62,-0.07,-0.07,0.380949113931361,-0.790353499253486,1.77150096290626,0.44,2.40408109851614,0.162049054249438,59.0882275661918,10.6922014227384,0.217721753557262,230.735325241779,2.40408109851614,0.162049054249438
1670,"Dibenzothiophene","132-65-0",2022,"https://cfpub.epa.gov/ncea/pprtv/documents/Dibenzothiophene.pdf","Not available","Not available","Not available","Inadequate information to assess carcinogenic potential","Y",NA,"BMDL","Hepatocyte hypertrophy","GeneralTox","rat",4.25424842880445,1.04,1,1,10,"Subchronic HED (no chronic provided); BMDL based on HEDs","Y","no value derived","DTXSID0047741","DTXCID0027725","Dibenzothiophene",1,"S1C2=C(C=CC=C2)C2=C1C=CC=C2",0,"CASRN","132-65-0",5,FALSE,"958390",NA,"IYYZUPMFVPLQIF-UHFFFAOYSA-N","Dibenzothiophene",184.034671432,3,220,265,78,1,"Level 1: Expert curated, highest confidence in accuracy and consistency of unique chemical identifiers",0,0,460,3023,4,2,27725,47741,15,"C12H8S","Dibenzo[b,d]thiophene","InChI=1S/C12H8S/c1-3-7-11-9(5-1)10-6-2-4-8-12(10)13-11/h1-8H
",NA,"S1C2=C(C=CC=C2)C2=C1C=CC=C2","S1C2=C(C=CC=C2)C2=C1C=CC=C2",NA,"Dibenzothiophene","15/460",1.04,"C1C=CC=C2SC3=CC=CC=C3C2=1","","C1C=CC=C2SC3=CC=CC=C3C2=1","Dibenzothiophene",184.26,-102.06,56.04,"Organic compounds","Organoheterocyclic compounds","Benzothiophenes","Dibenzothiophenes",NA,NA,1.49176390399682,0.0117982501714205,3.439504633798,0.64,NA,0.07,0.743612354630121,-1.44741631405483,2.13911274615275,0.65,5.54130882434038,0.0356930521030647,137.756704936678,31.028723115378,1.02753884802269,2751.0889581667,5.54130882434038,0.0356930521030647
1684,"cis-1,2-Dichloroethylene","156-59-2",2022,"https://cfpub.epa.gov/ncea/pprtv/documents/Dichloroethylenecis12.pdf","https://cfpub.epa.gov/ncea/iris2/chemicalLanding.cfm?substance_nmbr=418","4 x 10-2 mg/m3","See IRIS","Inadequate information to assess carcinogenic potential","Y",NA,NA,NA,NA,NA,NA,NA,NA,NA,NA,"No oral value","Y",NA,"DTXSID2024030","DTXCID304030","(Z)-1,2-Dichloroethylene",1,"Cl\C=C/Cl",0,"CASRN","156-59-2",5,FALSE,"283095",20,"KFUSEUYYWQURPO-UPHRSURJSA-N","Dichloroethene",95.9533555,0,69,120,77,1,"Level 1: Expert curated, highest confidence in accuracy and consistency of unique chemical identifiers",0,0,234,643833,NA,NA,4030,24030,0,"C2H2Cl2","(Z)-1,2-Dichloroethene","InChI=1S/C2H2Cl2/c3-1-2-4/h1-2H/b2-1-
",NA,"ClC=CCl","ClC=CCl","418","Dichloroethylenecis12","0/234",NA,"ClC=CCl","","ClC=CCl","(Z)-1,2-Dichloroethylene",96.94,74.27,-0.77,"Organic compounds","Organohalogen compounds","Vinyl halides","Vinyl chlorides",NA,NA,1.10101094887016,-0.540548919097674,2.13904899239159,0.82,0.35,0.35,0.56003588262844,-0.564382822667469,1.67934889182886,0.57,3.6310805453686,0.272657329855913,47.7913052425876,12.6185934655368,0.28803885834222,137.73648394877,3.6310805453686,0.272657329855913
1700,"2,2-Difluoropropane","420-45-1",2017,"https://cfpub.epa.gov/ncea/pprtv/documents/Difluoropropane22.pdf","Not available","Not available","Not available","Inadequate information to assess carcinogenic potential","Y",NA,NA,NA,NA,NA,NA,NA,NA,NA,NA,"No oral value","Y",NA,"DTXSID60870529","DTXCID80818246","2,2-Difluoropropane",1,"CC(C)(F)F",0,"CASRN","420-45-1",5,FALSE,"554880",NA,"YZXSQDNPKVBDOG-UHFFFAOYSA-N",NA,80.043756519,NA,55,NA,19,1,"Level 1: Expert curated, highest confidence in accuracy and consistency of unique chemical identifiers",0,0,NA,67895,NA,NA,818246,870529,NA,"C3H6F2","2,2-Difluoropropane","InChI=1S/C3H6F2/c1-3(2,4)5/h1-2H3
",NA,"CC(C)(F)F","CC(C)(F)F",NA,"Difluoropropane22",NA,NA,NA,NA,NA,NA,NA,NA,NA,NA,NA,NA,NA,NA,NA,1.60085687463807,-0.293821443468889,2.58822421237231,NA,NA,NA,1.01004511995314,-1.4284629863189,2.53944229422442,NA,10.2339931030292,0.0372852460741582,346.291868899215,39.8893422050169,0.508368411005149,387.457625294361,10.2339931030292,0.0372852460741582
1718,"3,5-Dinitroaniline","618-87-1",2021,"https://cfpub.epa.gov/ncea/pprtv/documents/Dinitroaniline35.pdf","Not available","2 x 10-3 mg/m3","4 x 10-4 mg/kg-day","Inadequate information to assess carcinogenic potential","Y","Y","BMDL","Methemoglobinemia","GeneralTox","rat",0.37,0.11,1,1,10,"HED provided","Y",NA,"DTXSID0044151","DTXCID8024151","3,5-Dinitroaniline",1,"NC1=CC(=CC(=C1)[N+]([O-])=O)[N+]([O-])=O",0,"CASRN","618-87-1",5,FALSE,"1658549",NA,"MPBZUKLDHPOCLS-UHFFFAOYSA-N",NA,183.028005653,NA,106,NA,26,1,"Level 1: Expert curated, highest confidence in accuracy and consistency of unique chemical identifiers",0,0,NA,12068,NA,NA,24151,44151,NA,"C6H5N3O4","3,5-Dinitroaniline","InChI=1S/C6H5N3O4/c7-4-1-5(8(10)11)3-6(2-4)9(12)13/h1-3H,7H2
",NA,"NC1=CC(=CC(=C1)[N+]([O-])=O)[N+]([O-])=O","NC1=CC(=CC(=C1)[N+]([O-])=O)[N+]([O-])=O",NA,"Dinitroaniline35",NA,0.11,"NC1C=C(C=C(C=1)[N+]([O-])=O)[N+]([O-])=O","","NC1C=C(C=C(C=1)[N+]([O-])=O)[N+]([O-])=O","3,5-Dinitroaniline",183.12,-140.53,8.71,"Organic compounds","Benzenoids","Benzene and substituted derivatives","Aniline and substituted anilines",NA,NA,1.35978476479265,0.0688739623640046,2.3906152623953,0.49,NA,NA,0.25368823804751,-0.791148308830802,2.16652094514262,0.43,1.79344572450009,0.161752756783717,146.730685043676,22.8973258605256,1.17185522929742,245.8188951617,1.79344572450009,0.161752756783717
1759,"n-Heptanal","111-71-7",2017,"https://cfpub.epa.gov/ncea/pprtv/documents/Heptanaln.pdf","Not available","Not available","Not available","Inadequate information to assess carcinogenic potential","Y",NA,NA,NA,NA,NA,NA,NA,NA,NA,NA,"no analogue","Y",NA,"DTXSID0021597","DTXCID601597","Heptanal",1,"CCCCCCC=O",0,"CASRN","111-71-7",5,FALSE,"1053299",11,"FXHGMKSSBGDXIY-UHFFFAOYSA-N","Heptanal",114.104465071,2,112,53,95,1,"Level 1: Expert curated, highest confidence in accuracy and consistency of unique chemical identifiers",0,0,458,8130,NA,NA,1597,21597,9,"C7H14O","Heptanal","InChI=1S/C7H14O/c1-2-3-4-5-6-7-8/h7H,2-6H2,1H3
",NA,"CCCCCCC=O","CCCCCCC=O",NA,"Heptanaln","9/458",NA,"CCCCCCC=O","","CCCCCCC=O","Heptanal",114.19,146.66,-75.4,"Organic compounds","Organic oxygen compounds","Organooxygen compounds","Carbonyl compounds",2.2,2.2,2.15662758161715,1.3478125407183,2.78563637391798,0,1.44,1.44,1.54494779087306,0.574311622864766,2.53393264588778,0.37,35.0709710514639,3.75242156237289,341.926409521884,143.425899289548,22.2747347297521,610.430709456444,35.0709710514639,3.75242156237289
2043,"delta-Hexachlorocyclohexane","319-86-8",2024,"https://cfpub.epa.gov/ncea/pprtv/documents/Hexachlorocyclohexanedelta.pdf","https://cfpub.epa.gov/ncea/iris2/chemicalLanding.cfm?substance_nmbr=163","Not available","6 x 10-8 mg/kg-day","See the IRIS entry for delta-Hexachlorocyclohexane","Y","Y","NOAEL","Electrophysiology in offspring","RepDev","rat",7.6e-05,1.7e-05,1,1,10,"HED provided",NA,NA,"DTXSID5024134","DTXCID60196534","delta-Hexachlorocyclohexane",1,"Cl[C@H]1[C@H](Cl)[C@@H](Cl)[C@H](Cl)[C@H](Cl)[C@@H]1Cl",0,"CASRN","319-86-8",5,FALSE,"1473403",28,"JLYXXMFPNIAWKQ-GPIVLXJGNA-N",NA,287.8600664,24,425,43,70,1,"Level 1: Expert curated, highest confidence in accuracy and consistency of unique chemical identifiers",0,0,313,727,NA,NA,196534,24134,74,"C6H6Cl6","(1R,2S,3r,4R,5S,6s)-1,2,3,4,5,6-Hexachlorocyclohexane","InChI=1/C6H6Cl6/c7-1-2(8)4(10)6(12)5(11)3(1)9/h1-6H/t1-,2-,3-,4+,5-,6-
",NA,"ClC1C(Cl)C(Cl)C(Cl)C(Cl)C1Cl","ClC1C(Cl)C(Cl)C(Cl)C(Cl)C1Cl","163","HexachlorocyclohexaneDelta","74/313",1.7e-05,NA,NA,NA,NA,NA,NA,NA,NA,NA,NA,NA,NA,NA,0.11269910738446,-0.975237667467696,2.22135830855931,NA,NA,NA,-0.174738823213135,-2.32562283466613,0.968711378030778,NA,0.668745968301664,0.00472473184972036,9.30489288492892,1.29628085642616,0.105867420761839,166.478559188721,0.668745968301664,0.00472473184972036
1793,"4-Methyl-2-Pentanol","108-11-2",2017,"https://cfpub.epa.gov/ncea/pprtv/documents/Methyl2Pentanol4.pdf","Not available","Not available","Not available","Inadequate information to assess carcinogenic potential","Y",NA,NA,NA,NA,NA,NA,NA,NA,NA,NA,"No oral value","Y",NA,"DTXSID2026781","DTXCID806781","4-Methyl-2-pentanol",1,"CC(C)CC(C)O",0,"CASRN","108-11-2",5,FALSE,"1691308",102,"WVYWICLMDOOCFB-UHFFFAOYSA-N","4-Methyl-2-pentanol",102.104465071,1,123,10,90,1,"Level 1: Expert curated, highest confidence in accuracy and consistency of unique chemical identifiers",0,0,573,7910,1,1,6781,26781,7,"C6H14O","4-Methylpentan-2-ol","InChI=1/C6H14O/c1-5(2)4-6(3)7/h5-7H,4H2,1-3H3
",NA,"CC(C)CC(C)O","CC(C)CC(C)O",NA,"Methyl2Pentanol4","7/573",NA,"CC(C)CC(C)O","","CC(C)CC(C)O","4-Methyl-2-pentanol",102.18,114.66,-96.48,"Organic compounds","Organic oxygen compounds","Organooxygen compounds","Alcohols and polyols",NA,1.89,2.00822353704235,1.14980146955175,2.70004186173678,0.55,NA,1.28,1.57806776494107,0.660142009814663,2.49513589108811,0.57,37.8501639440074,4.57237677175894,312.705767288763,101.911580529646,14.1189197431038,501.235545498868,37.8501639440074,4.57237677175894
2007,"Pentamethylphosphoramide (PMPA)","10159-46-3",2020,"https://cfpub.epa.gov/ncea/pprtv/documents/PentamethylphosphoramidePMPA.pdf","Not available","Not available","1 x 10-4 mg/kg-day","Inadequate information to assess carcinogenic potential","Y","Y","NOAEL","Nasal lesions","GeneralTox","rat",1.2,0.29,1,10,10,"HED provided",NA,NA,"DTXSID60144035","DTXCID1066526","Pentamethylphosphoramide",1,"CNP(=O)(N(C)C)N(C)C",0,"CASRN","10159-46-3",5,FALSE,"1496962",NA,"JSJBYUNWLNWERF-UHFFFAOYSA-N",NA,165.103099145,NA,28,1,5,2,"Level 2.5: Programmatically loaded based on Common Chemistry Data provide by Chemical Abstract Services",0,0,NA,66283,NA,NA,66526,144035,NA,"C5H16N3OP","N,N,N',N',N''-Pentamethylphosphoric triamide","InChI=1S/C5H16N3OP/c1-6-10(9,7(2)3)8(4)5/h1-5H3,(H,6,9)
","Loaded based on no conflicts with this data in chemid and pubchem","CNP(=O)(N(C)C)N(C)C","CNP(=O)(N(C)C)N(C)C",NA,NA,NA,0.029,NA,NA,NA,NA,NA,NA,NA,NA,NA,NA,NA,NA,NA,1.61702820433147,-0.475957610730284,2.40993760610117,NA,NA,NA,0.528645227574132,-1.57164608826883,2.18016153228764,NA,3.37788785938574,0.0268135250074046,151.412430989477,41.4026562021172,0.334227660691703,257.002652757178,3.37788785938574,0.0268135250074046
1845,"Perylene","198-55-0",2023,"https://cfpub.epa.gov/ncea/pprtv/documents/Perylene.pdf","Not available","2 x 10-6 mg/m3","9 x 10-5 mg/kg-day","Inadequate information to assess carcinogenic potential","Y","Y","BMDL","Neurobehavioral","RepDev","rat",0.092,0.0224904590320054,1,1,10,NA,"Y",NA,"DTXSID4047753","DTXCID9027736","Perylene",1,"C1=CC2=C3C(=C1)C1=CC=CC4=C1C(=CC=C4)C3=CC=C2",0,"CASRN","198-55-0",5,FALSE,"171091",9,"CSHWQDPOILHKBI-UHFFFAOYSA-N","Perylene",252.0939003864,2,166,1948,73,1,"Level 1: Expert curated, highest confidence in accuracy and consistency of unique chemical identifiers",0,0,84,9142,NA,NA,27736,47753,2,"C20H12","Perylene","InChI=1S/C20H12/c1-5-13-6-2-11-17-18-12-4-8-14-7-3-10-16(20(14)18)15(9-1)19(13)17/h1-12H
",NA,"C1=CC2=C3C(=C1)C1=CC=CC4=C1C(=CC=C4)C3=CC=C2","C1=CC2=C3C(=C1)C1=CC=CC4=C1C(=CC=C4)C3=CC=C2",NA,"Perylene","2/84",0.0224904590320054,"C1=CC=C2C3=C(C=CC=C31)C1C=CC=C3C=CC=C2C3=1","","C1=CC=C2C3=C(C=CC=C31)C1C=CC=C3C=CC=C2C3=1","Perylene",252.32,-109.2,51.35,"Organic compounds","Benzenoids","Phenanthrenes and derivatives","",NA,NA,1.65845219309035,-0.512283382693485,2.48084657166157,0.61,NA,NA,0.100371018967564,-1.05415993992161,2.36916070031175,0.5,1.26000137476149,0.0882754743798857,233.970282971597,45.5462046382017,0.307409027701771,302.584426353146,1.26000137476149,0.0882754743798857
2028,"1-Phenyl-1-(2,4-dimethylphenyl)-ethane (PXE)","6165-52-2",2023,"https://ordspub.epa.gov/ords/eims/eimscomm.getfile?p_download_id=548341","Not available","Not available","Not available","Inadequate information to assess carcinogenic potential","Y","Y",NA,NA,NA,NA,NA,NA,NA,NA,NA,"no analogue","Y","no value derived","DTXSID50884231","DTXCID201023685","2,4-Dimethyl-1-(1-phenylethyl)benzene",1,"CC(C1=CC=CC=C1)C1=CC=C(C)C=C1C",0,"CASRN","6165-52-2",5,FALSE,"250270",NA,"JOUBGGHXBLOLFY-UHFFFAOYSA-N",NA,210.1408505796,NA,26,NA,15,1,"Level 1: Expert curated, highest confidence in accuracy and consistency of unique chemical identifiers",0,0,NA,93022,NA,NA,1023685,884231,NA,"C16H18","2,4-Dimethyl-1-(1-phenylethyl)benzene","InChI=1/C16H18/c1-12-9-10-16(13(2)11-12)14(3)15-7-5-4-6-8-15/h4-11,14H,1-3H3
",NA,"CC(C1=CC=CC=C1)C1=CC=C(C)C=C1C","CC(C1=CC=CC=C1)C1=CC=C(C)C=C1C",NA,NA,NA,NA,"CC1C=C(C)C(=CC=1)C(C)C1C=CC=CC=1","","CC1C=C(C)C(=CC=1)C(C)C1C=CC=CC=1","2,4-Dimethyl-1-(1-phenylethyl)benzene",210.32,-20.99,-59.19,"Organic compounds","Benzenoids","Benzene and substituted derivatives","Diphenylmethanes",NA,NA,1.38025077100089,-0.603487646877861,2.22277721803668,0.57,NA,NA,1.09929878350537,-0.256061309328803,2.03250056848016,0.57,12.568943775259,0.554547422001945,107.770666438335,24.0021845686715,0.249179524715618,167.023360738926,12.568943775259,0.249179524715618
2041,"1-Phenyl-1-(4-methylphenyl)-ethane (PTE)","3717-68-8",2024,"https://ordspub.epa.gov/ords/eims/eimscomm.getfile?p_download_id=549706","Not available","Not available","Not available","Inadequate information to assess carcinogenic potential","Y","Y",NA,NA,NA,NA,NA,NA,NA,NA,NA,"no analogue","Y","no value derived","DTXSID101027177","DTXCID601511442","1-methyl-4-(1-phenylethyl)benzene",1,"CC(C1=CC=CC=C1)C1=CC=C(C)C=C1",0,"CASRN","3717-68-8",5,FALSE,"1261547",NA,"BOKDBSJFKVOFBS-UHFFFAOYSA-N",NA,196.1252005152,NA,NA,NA,2,3,"Level 3: Programmatically curated from high quality EPA source, unique chemical identifiers have no conflicts in ChemID and PubChem",0,0,NA,NA,NA,NA,1511442,1027177,NA,"C15H16",NA,"InChI=1/C15H16/c1-12-8-10-15(11-9-12)13(2)14-6-4-3-5-7-14/h3-11,13H,1-2H3
",NA,NA,"CC(C1=CC=CC=C1)C1=CC=C(C)C=C1",NA,NA,NA,NA,NA,NA,NA,NA,NA,NA,NA,NA,NA,NA,NA,NA,NA,1.52686926832035,0.338140773082722,2.29139771991787,NA,NA,NA,1.01052089925683,-0.270633528992811,2.0334646987129,NA,10.2452108145262,0.53624896998094,108.010182208224,33.6410287632752,2.17841577397425,195.613002825346,10.2452108145262,0.53624896998094
1857,"Picric Acid (2,4,6-Trinitrophenol)","88-89-1",2020,"https://cfpub.epa.gov/ncea/pprtv/documents/PicricAcid246Trinitrophenol.pdf","Not available","Not available","2 x 10-3 mg/kg-day","Inadequate information to assess carcinogenic potential","Y","Y","NOAEL","Methemoglobinemia","GeneralTox","rat",2.68,0.643,1,1,10,"HED provided",NA,NA,"DTXSID4025909","DTXCID905909","Picric acid",1,"OC1=C(C=C(C=C1[N+]([O-])=O)[N+]([O-])=O)[N+]([O-])=O",0,"CASRN","88-89-1",5,FALSE,"654009",53,"OXNIZHLAWKMVMX-UHFFFAOYSA-N","Picric acid",228.997099449,NA,179,386,58,1,"Level 1: Expert curated, highest confidence in accuracy and consistency of unique chemical identifiers",0,0,NA,6954,NA,NA,5909,25909,NA,"C6H3N3O7","2,4,6-Trinitrophenol","InChI=1S/C6H3N3O7/c10-6-4(8(13)14)1-3(7(11)12)2-5(6)9(15)16/h1-2,10H
",NA,"OC1=C(C=C(C=C1[N+]([O-])=O)[N+]([O-])=O)[N+]([O-])=O","OC1=C(C=C(C=C1[N+]([O-])=O)[N+]([O-])=O)[N+]([O-])=O",NA,"PicricAcid246Trinitrophenol",NA,0.643,"[O-][N+](=O)C1=CC(=C(O)C(=C1)[N+]([O-])=O)[N+]([O-])=O","","[O-][N+](=O)C1=CC(=C(O)C(=C1)[N+]([O-])=O)[N+]([O-])=O","Picric acid",229.1,-143.04,12.54,"Organic compounds","Benzenoids","Phenols","Nitrophenols",NA,NA,1.30917511036745,0.08034915791766,2.31781158995232,0.43,NA,NA,0.203556179354096,-0.895221587919761,2.28277436156493,0.39,1.59792421956081,0.127285347359223,191.767215198218,20.3786359196529,1.20323140277759,207.87946476224,1.59792421956081,0.127285347359223
2008,"N,N,N',N'' Tetramethylphosphoramide (TMPA)","16853-36-4",2020,"https://cfpub.epa.gov/ncea/pprtv/documents/TetramethylphosphoramideTMPANNNN.pdf","Not available","Not available","1 x 10-4 mg/kg-day","Inadequate information to assess carcinogenic potential","Y","Y","NOAEL","Nasal lesions","GeneralTox","rat",1.2,0.29,1,10,10,"HED provided",NA,NA,"DTXSID80168576","DTXCID0091067","N,N,N',N''-Tetramethylphosphoramid",1,"CNP(=O)(NC)N(C)C",0,"CASRN","16853-36-4",5,FALSE,"659126",NA,"IQICYUQNNRAIMZ-UHFFFAOYSA-N",NA,151.087449081,NA,14,NA,3,4,"Level 4: Programmatically curated from ChemID, unique chemical identifiers have no conflicts in PubChem",0,0,NA,123367,NA,NA,91067,168576,NA,"C4H14N3OP","N,N,N',N''-Tetramethylphosphoric triamide","InChI=1S/C4H14N3OP/c1-5-9(8,6-2)7(3)4/h1-4H3,(H2,5,6,8)
","Loaded based on no conflicts with this data in chemid and pubchem","CNP(=O)(NC)N(C)C","CNP(=O)(NC)N(C)C",NA,NA,NA,0.029,NA,NA,NA,NA,NA,NA,NA,NA,NA,NA,NA,NA,NA,1.62183601157149,-0.267695316326775,2.37565736064492,NA,NA,NA,0.672390545783044,-1.61013088865249,2.1989951824546,NA,4.70316857936268,0.0245396922143519,158.123049888643,41.8635459645884,0.539889254433794,237.496580311489,4.70316857936268,0.0245396922143519
1915,"2,3-Toluenediamine","2687-25-4",2021,"https://cfpub.epa.gov/ncea/pprtv/documents/Toluenediamine23.pdf","Not available","Not available","1 x 10-4 mg/kg-day","Inadequate information to assess carcinogenic potential","Y","Y","NOAEL","Increased AST","GeneralTox","rat",1.4,0.32,1,10,10,"HED provided",NA,NA,"DTXSID4027494","DTXCID807494","2,3-Diaminotoluene",1,"CC1=C(N)C(N)=CC=C1",0,"CASRN","2687-25-4",5,FALSE,"481098",NA,"AXNUJYHFQHQZBE-UHFFFAOYSA-N",NA,122.08439833,23,149,1,56,1,"Level 1: Expert curated, highest confidence in accuracy and consistency of unique chemical identifiers",0,0,622,17593,NA,NA,7494,27494,140,"C7H10N2","3-Methylbenzene-1,2-diamine","InChI=1S/C7H10N2/c1-5-3-2-4-6(8)7(5)9/h2-4H,8-9H2,1H3
","
","CC1=C(N)C(N)=CC=C1","CC1=C(N)C(N)=CC=C1",NA,"Toluenediamine23","140/622",0.032,"CC1=CC=CC(N)=C1N","","CC1=CC=CC(N)=C1N","2,3-Diaminotoluene",122.17,-82.43,-15.25,"Organic compounds","Benzenoids","Benzene and substituted derivatives","Toluenes",1.52,1.52,1.30220238958194,-0.183334173996823,2.2958362907923,0.49,NA,NA,0.717361642007736,-0.475506849452793,1.94251980819573,0.45,5.21628896683251,0.334574741083593,87.6031672575768,20.0540636757796,0.655640580293791,197.622455318517,5.21628896683251,0.334574741083593
1917,"3,4-Toluenediamine","496-72-0",2021,"https://cfpub.epa.gov/ncea/pprtv/documents/Toluenediamine34.pdf","Not available","Not available","1 x 10-4 mg/kg-day","Inadequate information to assess carcinogenic potential","Y","Y","NOAEL","Increased AST","GeneralTox","rat",1.4,0.32,1,10,10,"HED provided",NA,NA,"DTXSID9024930","DTXCID104930","3,4-Diaminotoluene",1,"CC1=CC=C(N)C(N)=C1",0,"CASRN","496-72-0",5,FALSE,"83537",NA,"DGRGLKZMKWPMOH-UHFFFAOYSA-N",NA,122.08439833,14,160,4,63,1,"Level 1: Expert curated, highest confidence in accuracy and consistency of unique chemical identifiers",0,0,628,10332,NA,NA,4930,24930,87,"C7H10N2","4-Methylbenzene-1,2-diamine","InChI=1S/C7H10N2/c1-5-2-3-6(8)7(9)4-5/h2-4H,8-9H2,1H3
",NA,"CC1=CC=C(N)C(N)=C1","CC1=CC=C(N)C(N)=C1",NA,"Toluenediamine34","87/628",0.032,"CC1C=C(N)C(N)=CC=1","","CC1C=C(N)C(N)=CC=1","3,4-Diaminotoluene",122.17,-90.2,-12.69,"Organic compounds","Benzenoids","Benzene and substituted derivatives","Toluenes",NA,NA,1.30134648156483,-0.172437258786278,2.29339169074517,0.5,NA,NA,0.524442852917846,-0.482342597732928,1.86269499638516,0.47,3.34535994697035,0.329349798648505,72.8945394445958,20.0145800261962,0.672299427166428,196.513183272912,3.34535994697035,0.329349798648505
1566,"o-Aminophenol","95-55-6",2016,"https://cfpub.epa.gov/ncea/pprtv/documents/Aminophenolo.pdf","Not available","Not available","Not available","Inadequate information to assess carcinogenic potential","Y","Y","NOAEL","Nephrosis","GeneralTox","rat",50,12,1,10,10,"HED provided",NA,NA,"DTXSID8024498","DTXCID104498","2-Aminophenol",1,"NC1=C(O)C=CC=C1",0,"CASRN","95-55-6",5,FALSE,"409496",17,"CDAWCLOXVUBKRW-UHFFFAOYSA-N","2-Aminophenol",109.052763849,26,191,159,72,1,"Level 1: Expert curated, highest confidence in accuracy and consistency of unique chemical identifiers",0,0,234,5801,NA,NA,4498,24498,62,"C6H7NO","2-Aminophenol","InChI=1S/C6H7NO/c7-5-3-1-2-4-6(5)8/h1-4,8H,7H2
",NA,"NC1=C(O)C=CC=C1","NC1=C(O)C=CC=C1",NA,"Aminophenolo","62/234",1.2,"NC1=CC=CC=C1O","","NC1=CC=CC=C1O","2-Aminophenol",109.13,-89.45,-21.14,"Organic compounds","Benzenoids","Benzene and substituted derivatives","Aniline and substituted anilines",NA,1.02,1.51442287749788,0.352590120461969,2.32528407794751,0.58,0.47,0.47,1.12871145793251,-0.120722288023081,2.18056615333948,0.42,13.4496647128835,0.757317010715356,151.553563810326,32.690598934656,2.25211270423953,211.487195410304,13.4496647128835,0.757317010715356
1618,"tert-Butylbenzene","98-06-6",2012,"https://cfpub.epa.gov/ncea/pprtv/documents/Butylbenzenetert.pdf","Not available","Not available","Not available","Inadequate information to assess carcinogenic potential","Y","Y","NOAEL","Increased kidney weight","GeneralTox","rat",110,26.8907662339196,1,3,3,"TWA adjusted",NA,NA,"DTXSID3047138","DTXCID1027138","tert-Butylbenzene",1,"CC(C)(C)C1=CC=CC=C1",0,"CASRN","98-06-6",5,FALSE,"492824",12,"YTZKOQUCBOVLHL-UHFFFAOYSA-N","Tert-Butylbenzene",134.1095504508,1,134,12,75,1,"Level 1: Expert curated, highest confidence in accuracy and consistency of unique chemical identifiers",0,0,592,7366,NA,NA,27138,47138,6,"C10H14","tert-Butylbenzene","InChI=1S/C10H14/c1-10(2,3)9-7-5-4-6-8-9/h4-8H,1-3H3
",NA,"CC(C)(C)C1=CC=CC=C1","CC(C)(C)C1=CC=CC=C1",NA,"Butylbenzenetert","6/592",8.96358874463985,"CC(C)(C)C1C=CC=CC=1","","CC(C)(C)C1C=CC=CC=1","tert-Butylbenzene",134.22,-29.6,-70.5,"Organic compounds","Benzenoids","Benzene and substituted derivatives","Phenylpropanes",NA,NA,1.49742113525483,0.539431813367488,2.22483667368446,0.44,NA,1.47,1.30980549846558,0.166919125953691,2.21188574907146,0.52,20.4082374412974,1.46865276058069,162.886746605827,31.4355552141787,3.46283511915895,167.817278439881,20.4082374412974,1.46865276058069
1617,"sec-Butylbenzene","135-98-8",2012,"https://cfpub.epa.gov/ncea/pprtv/documents/Butylbenzenesec.pdf","Not available","Not available","Not available","Inadequate information to assess carcinogenic potential","Y","Y","NOAEL","Increased kidney weight","GeneralTox","rat",110,26.8907662339196,1,3,3,"TWA adjusted",NA,NA,"DTXSID2022333","DTXCID902333","sec-Butylbenzene",1,"CCC(C)C1=CC=CC=C1",0,"CASRN","135-98-8",5,FALSE,"425345",11,"ZJMWRROPUADPEA-UHFFFAOYSA-N","Sec-Butylbenzene",134.1095504508,1,127,3,70,1,"Level 1: Expert curated, highest confidence in accuracy and consistency of unique chemical identifiers",0,0,203,8680,NA,NA,2333,22333,2,"C10H14","(Butan-2-yl)benzene","InChI=1/C10H14/c1-3-9(2)10-7-5-4-6-8-10/h4-9H,3H2,1-2H3
",NA,"CCC(C)C1=CC=CC=C1","CCC(C)C1=CC=CC=C1",NA,"Butylbenzenesec","2/203",8.96358874463985,"CCC(C)C1C=CC=CC=1","","CCC(C)C1C=CC=CC=1","sec-Butylbenzene",134.22,-18.24,-57.6,"Organic compounds","Benzenoids","Benzene and substituted derivatives","Phenylpropanes",NA,2.71,1.55625354999356,0.601461732527186,2.23259138795896,0.54,NA,1.47,1.47384989584785,0.452908716748282,2.25861229282389,0.54,29.7748714987829,2.83732259614797,181.389562295488,35.9959425490815,3.99449362631502,170.840717988715,29.7748714987829,2.83732259614797
1658,"Cyanogen Bromide","506-68-3",2012,"https://cfpub.epa.gov/ncea/pprtv/documents/CyanogenBromide.pdf","https://cfpub.epa.gov/ncea/iris2/chemicalLanding.cfm?substance_nmbr=358","Not available","See IRIS","Not available","Y","Y",NA,NA,NA,NA,NA,NA,NA,NA,NA,"no analogue","Y","no value derived in PPRTV","DTXSID9021550","DTXCID601550","Cyanogen bromide",1,"BrC#N",0,"CASRN","506-68-3",5,FALSE,"31035",2,"ATDGTVJJHBUTRL-UHFFFAOYSA-N","Cyanogen bromide",104.921412,1,90,4358,62,1,"Level 1: Expert curated, highest confidence in accuracy and consistency of unique chemical identifiers",0,0,199,10476,NA,NA,1550,21550,2,"CBrN","Carbononitridic bromide","InChI=1S/CBrN/c2-1-3
",NA,"BrC#N","BrC#N","358","CyanogenBromide","2/199",NA,"N#CBr","","N#CBr","Cyanogen bromide",105.92,68.1,-22.62,"Organic compounds","Organic nitrogen compounds","Organonitrogen compounds","Organic cyanides",NA,NA,0.649315743779725,-0.605791262708461,2.1778866756955,0.68,NA,1.14,0.111638459714935,-1.23144737028067,1.8371706777595,0.58,1.29311890115423,0.0586884486558133,68.733851102111,4.45980370295729,0.247861308051603,150.621398515241,1.29311890115423,0.0586884486558133
1672,"1,3-Dibromobenzene","108-36-1",2014,"https://cfpub.epa.gov/ncea/pprtv/documents/Dibromobenzene13.pdf","Not available","Not available","Not available","Inadequate information to assess carcinogenic potential","Y","Y","NOAEL","Increased liver/body weight","GeneralTox","rat",5,1.2,1,10,10,"HED provided",NA,NA,"DTXSID7051555","DTXCID1030107","1,3-Dibromobenzene",1,"BrC1=CC(Br)=CC=C1",0,"CASRN","108-36-1",5,FALSE,"301277",NA,"JSRLURSZEMLAFO-UHFFFAOYSA-N",NA,233.867976,NA,145,4,42,1,"Level 1: Expert curated, highest confidence in accuracy and consistency of unique chemical identifiers",0,0,NA,7927,NA,NA,30107,51555,NA,"C6H4Br2","1,3-Dibromobenzene","InChI=1S/C6H4Br2/c7-5-2-1-3-6(8)4-5/h1-4H
",NA,"BrC1=CC(Br)=CC=C1","BrC1=CC(Br)=CC=C1",NA,"Dibromobenzene13",NA,0.12,"BrC1=CC(Br)=CC=C1","","BrC1=CC(Br)=CC=C1","1,3-Dibromobenzene",235.91,-61.31,-38.04,"Organic compounds","Benzenoids","Benzene and substituted derivatives","Halobenzenes",NA,NA,1.67645230627729,0.270767872680673,2.50278804035545,0.67,NA,-0.58,0.674351346947589,-0.378514478646505,1.79565019650655,0.59,4.72445097733726,0.418297743076858,62.466934872348,47.4736153098056,1.86538239068026,318.264383700209,4.72445097733726,0.418297743076858
1760,"n-Heptane","142-82-5",2016,"https://cfpub.epa.gov/ncea/pprtv/documents/Heptanen.pdf","https://cfpub.epa.gov/ncea/iris2/chemicalLanding.cfm?substance_nmbr=607","4 x 10-1 mg/m3","Not available","Inadequate information to assess carcinogenic potential","Y",NA,"BMDL","Forestomach lesions","GeneralTox","mouse",3.13,0.468044168522242,1,10,10,"UF>3000","Y",NA,"DTXSID6024127","DTXCID004127","Heptane",1,"CCCCCCC",0,"CASRN","142-82-5",5,FALSE,"418121",1623,"IMNFDUFMRHMDMM-UHFFFAOYSA-N","Heptane",100.1252005152,1,763,146,90,1,"Level 1: Expert curated, highest confidence in accuracy and consistency of unique chemical identifiers",0,0,234,8900,8,7,4127,24127,2,"C7H16","Heptane","InChI=1S/C7H16/c1-3-5-7-6-4-2/h3-7H2,1-2H3
",NA,"CCCCCCC","CCCCCCC","607","Heptanen","2/234",0.0468044168522242,"CCCCCCC","","CCCCCCC","Heptane",100.21,107.5,-126.14,"Organic compounds","Hydrocarbons","Saturated hydrocarbons","Alkanes",NA,NA,2.13742287514331,1.36083027456245,2.7430619363191,0,NA,1.57,1.46940121836825,0.536380336553015,2.34746546728314,0,29.4714306350215,3.4385895305741,222.56940627638,137.221725204727,22.9525147186805,553.429030119277,29.4714306350215,3.4385895305741
1791,"Methyl Phosphonic Acid","993-13-5",2009,"https://cfpub.epa.gov/ncea/pprtv/documents/MethylPhosphonicAcid.pdf","Not available","Not available","Not available","Inadequate information to assess carcinogenic potential","Y","Y","LOAEL","Male repro tox","RepDev","rat",179,43.7586105079236,10,1,3,"TWA adjusted",NA,NA,"DTXSID5047748","DTXCID9027732","Methyl phosphonic acid",1,"CP(O)(O)=O",0,"CASRN","993-13-5",5,FALSE,"1557437",1,"YACKEPLHDIMKIO-UHFFFAOYSA-N","Methylphosphonic acid",95.997631019,NA,102,205,35,1,"Level 1: Expert curated, highest confidence in accuracy and consistency of unique chemical identifiers",0,0,NA,13818,2,2,27732,47748,NA,"CH5O3P","Methylphosphonic acid","InChI=1S/CH5O3P/c1-5(2,3)4/h1H3,(H2,2,3,4)
",NA,"CP(O)(O)=O","CP(O)(O)=O",NA,"MethylPhosphonicAcid",NA,4.37586105079236,"CP(O)(O)=O","","CP(O)(O)=O","Methyl phosphonic acid",96.02,56.38,-130.03,"Organic compounds","Organic acids and derivatives","Organic phosphonic acids and derivatives","Organic phosphonic acids",2.03,2.03,1.8562566249274,0.743634733338353,2.63566694775267,0.52,1.74,1.74,1.40561186755226,-0.620153495089027,3.088538761789,0.53,25.4455514683505,0.239798523610757,1226.13633330373,71.8218561782269,5.54159436913453,432.182271484876,25.4455514683505,0.239798523610757
1855,"Picramic Acid (2-Amino-4,6-dinitrophenol)","96-91-3",2009,"https://cfpub.epa.gov/ncea/pprtv/documents/PicramicAcid2Amino46dinitrophenol.pdf","Not available","Not available","Not available","Inadequate information to assess carcinogenic potential","Y","Y","LOAEL","Cataracts","GeneralTox","human",1.2,1.2,10,10,10,"UF>3000",NA,NA,"DTXSID5024479","DTXCID904479","2-Amino-4,6-dinitrophenol",1,"NC1=C(O)C(=CC(=C1)[N+]([O-])=O)[N+]([O-])=O",0,"CASRN","96-91-3",5,FALSE,"573955",NA,"QXYMVUZOGFVPGH-UHFFFAOYSA-N","Picramic acid",199.022920273,14,81,3,43,1,"Level 1: Expert curated, highest confidence in accuracy and consistency of unique chemical identifiers",0,0,234,4921319,6,3,4479,24479,32,"C6H5N3O5","2-Amino-4,6-dinitrophenol","InChI=1S/C6H5N3O5/c7-4-1-3(8(11)12)2-5(6(4)10)9(13)14/h1-2,10H,7H2
",NA,"NC1=C(O)C(=CC(=C1)[N+]([O-])=O)[N+]([O-])=O","NC1=C(O)C(=CC(=C1)[N+]([O-])=O)[N+]([O-])=O",NA,"PicramicAcid2Amino46dinitrophenol","32/234",0.012,"NC1=CC(=CC(=C1O)[N+]([O-])=O)[N+]([O-])=O","","NC1=CC(=CC(=C1O)[N+]([O-])=O)[N+]([O-])=O","2-Amino-4,6-dinitrophenol",199.12,-142.79,12.36,"Organic compounds","Benzenoids","Phenols","Nitrophenols",NA,0.89,1.31490304589209,0.083232710792432,2.29545590702407,0.39,NA,-0.82,0.47635342834504,-0.745567782064579,2.37795112349751,0.47,2.99470072920485,0.179652066817604,238.754256824622,20.6491912130878,1.21124698992309,197.449440310224,2.99470072920485,0.179652066817604
1866,"n-Propylbenzene","103-65-1",2009,"https://cfpub.epa.gov/ncea/pprtv/documents/Propylbenzenen.pdf","Not available","Not available","Not available","Inadequate information to assess carcinogenic potential","Y","Y","NOAEL","Liver and kidney tox","GeneralTox","rat",97.1,23.7372127392144,1,10,1,"TWA adjusted","Y",NA,"DTXSID3042219","DTXCID1022219","Propylbenzene",1,"CCCC1=CC=CC=C1",0,"CASRN","103-65-1",5,FALSE,"1382019",23,"ODLMAHJVESYWTB-UHFFFAOYSA-N","n-Propylbenzene",120.0939003864,0,140,28,94,1,"Level 1: Expert curated, highest confidence in accuracy and consistency of unique chemical identifiers",0,0,593,7668,NA,NA,22219,42219,2,"C9H12","Propylbenzene","InChI=1S/C9H12/c1-2-6-9-7-4-3-5-8-9/h3-5,7-8H,2,6H2,1H3
",NA,"CCCC1=CC=CC=C1","CCCC1=CC=CC=C1",NA,"Propylbenzenen","2/593",2.37372127392144,"CCCC1C=CC=CC=1","","CCCC1C=CC=CC=1","Propylbenzene",120.19,-43.86,-72.67,"Organic compounds","Benzenoids","Benzene and substituted derivatives","Phenylpropanes",NA,NA,1.55646606837422,0.685122773186653,2.27129377225565,0.43,NA,1.75,1.527788597184,0.591906693496484,2.22932534121851,0.48,33.7123166266247,3.90756934144919,169.560754821616,36.0135611736041,4.84309260383621,186.764260362306,33.7123166266247,3.90756934144919
1719,"1,2-Dinitrobenzene","528-29-0",2006,"https://cfpub.epa.gov/ncea/pprtv/documents/Dinitrobenzene12.pdf","https://cfpub.epa.gov/ncea/iris2/chemicalLanding.cfm?substance_nmbr=633","Not available","1 x 10-4 mg/kg-day","Inadequate information to assess carcinogenic potential","Y","Y","NOAEL","Increased splenic weight","GeneralTox","rat",0.4,0.0977846044869802,1,10,3,NA,NA,"Isomers","DTXSID4024066","DTXCID604066","1,2-Dinitrobenzene",1,"[O-][N+](=O)C1=C(C=CC=C1)[N+]([O-])=O",0,"CASRN","528-29-0",5,FALSE,"398687",NA,"IZUKQUVSCNEFMJ-UHFFFAOYSA-N","dinitrobenzene",168.017106617,19,131,22,75,1,"Level 1: Expert curated, highest confidence in accuracy and consistency of unique chemical identifiers",0,0,601,10707,NA,NA,4066,24066,113,"C6H4N2O4","1,2-Dinitrobenzene","InChI=1S/C6H4N2O4/c9-7(10)5-3-1-2-4-6(5)8(11)12/h1-4H
",NA,"[O-][N+](=O)C1=C(C=CC=C1)[N+]([O-])=O","[O-][N+](=O)C1=C(C=CC=C1)[N+]([O-])=O","633","Dinitrobenzene12","113/601",0.00977846044869802,"[O-][N+](=O)C1=CC=CC=C1[N+]([O-])=O","","[O-][N+](=O)C1=CC=CC=C1[N+]([O-])=O","1,2-Dinitrobenzene",168.11,-126.19,24.15,"Organic compounds","Benzenoids","Benzene and substituted derivatives","Nitrobenzenes",NA,NA,1.23691136096201,0.0309039843029445,2.23399290399966,0.39,-0.9,-0.9,-0.480215032148074,-1.12225217574763,1.48521367114659,0.28,0.330967209172741,0.0754653906013694,30.5642449197203,17.2548568627098,1.07375199637557,171.392930314092,0.330967209172741,0.0754653906013694
1720,"1,4-Dinitrobenzene","100-25-4",2006,"https://cfpub.epa.gov/ncea/pprtv/documents/Dinitrobenzene14.pdf","Not available","Not available","1 x 10-4 mg/kg-day","Inadequate information to assess carcinogenic potential","Y","Y","NOAEL","Increased splenic weight","GeneralTox","rat",0.4,0.0977846044869802,1,10,3,NA,NA,"Isomers","DTXSID0021836","DTXCID001836","1,4-Dinitrobenzene",1,"[O-][N+](=O)C1=CC=C(C=C1)[N+]([O-])=O",0,"CASRN","100-25-4",5,FALSE,"689728",NA,"FYFDQJRXFWGIBS-UHFFFAOYSA-N","1,4-Dinitrobenzene",168.017106617,27,112,18,78,1,"Level 1: Expert curated, highest confidence in accuracy and consistency of unique chemical identifiers",0,0,313,7492,NA,NA,1836,21836,85,"C6H4N2O4","1,4-Dinitrobenzene","InChI=1S/C6H4N2O4/c9-7(10)5-1-2-6(4-3-5)8(11)12/h1-4H
",NA,"[O-][N+](=O)C1=CC=C(C=C1)[N+]([O-])=O","[O-][N+](=O)C1=CC=C(C=C1)[N+]([O-])=O",NA,"Dinitrobenzene14","85/313",0.00977846044869802,"[O-][N+](=O)C1C=CC(=CC=1)[N+]([O-])=O","","[O-][N+](=O)C1C=CC(=CC=1)[N+]([O-])=O","1,4-Dinitrobenzene",168.11,-124.52,-7.73,"Organic compounds","Benzenoids","Benzene and substituted derivatives","Nitrobenzenes",NA,NA,1.18865829174449,0.0150664551452844,2.21478224303526,0.33,-0.88,-0.88,-0.201814587306724,-1.01784155575853,1.83633675118109,0.24,0.628326552074213,0.0959750714798852,68.6019958949167,15.4403909247194,1.03530057483171,163.976738121435,0.628326552074213,0.0959750714798852
1991,"Thiocyanic Acid","463-56-9",2012,"https://cfpub.epa.gov/ncea/pprtv/documents/ThiocyanicAcid.pdf","Not available","Not available","Not available","Not available","Y","Y","LOAEL","Changes in Thyroid endpoitns","GeneralTox","human",0.018,0.018,10,3,3,"Selected one representative CASRN",NA,"Thiocyanate anion","DTXSID7047221","DTXCID5027221","Thiocyanic acid",1,"SC#N",0,"CASRN","463-56-9",5,FALSE,"636334",1,"ZMZDMBWJUHKJPS-UHFFFAOYSA-N","Thiocyanic acid",58.98297021,NA,421,60,31,1,"Level 1: Expert curated, highest confidence in accuracy and consistency of unique chemical identifiers",0,0,NA,781,7,7,27221,47221,NA,"CHNS","Thiocyanic acid","InChI=1S/CHNS/c2-1-3/h3H
","Record was reviewed with Common Chemistry.","SC#N","SC#N",NA,"ThiocyanicAcid",NA,6e-04,"N#CS","","N#CS","Thiocyanic acid",59.09,67.45,-22.61,"Organic compounds","Organosulfur compounds","Thiocyanates","",NA,NA,0.451234031516042,-0.870755372130885,1.95680050278005,0.71,NA,-1,0.0809232354435735,-1.54576533297197,2.01795608220508,0.54,1.20482296074988,0.0284599850116076,104.221203093548,2.82640264934889,0.13466186590928,90.5316639727386,1.20482296074988,0.0284599850116076
1787,"Methyl Acetate","79-20-9",2010,"https://cfpub.epa.gov/ncea/pprtv/documents/MethylAcetate.pdf","Not available","Not available","Not available","Inadequate information to assess carcinogenic potential","Y","Y","NOAEL","Increased SAP, SGPT; decreased brain weight","GeneralTox","rat",1156,282.597506967373,1,10,1,"MW adjusted",NA,"Hydrolyzed to methanol","DTXSID4021767","DTXCID101767","Methyl acetate",1,"COC(C)=O",0,"CASRN","79-20-9",5,FALSE,"1007210",122,"KXKVLQRXCPHEJC-UHFFFAOYSA-N","Methyl acetate",74.036779433,0,166,101,87,1,"Level 1: Expert curated, highest confidence in accuracy and consistency of unique chemical identifiers",0,0,234,6584,NA,NA,1767,21767,0,"C3H6O2","Methyl acetate","InChI=1S/C3H6O2/c1-3(4)5-2/h1-2H3
",NA,"COC(C)=O","COC(C)=O",NA,"MethylAcetate","0/234",28.2597506967373,"COC(C)=O","","COC(C)=O","Methyl acetate",74.08,71.96,-71.97,"Organic compounds","Organic acids and derivatives","Carboxylic acids and derivatives","Carboxylic acid derivatives",NA,NA,2.04880445358085,1.04537542404701,2.85496656424312,0.51,NA,2.52,1.80118766443917,0.295445803346624,2.77839697592074,0.51,63.268518402474,1.97444846785938,600.339578433563,111.893395628314,11.1013405133273,716.088277402704,63.268518402474,1.97444846785938
1735,"Endosulfan Sulfate","1031-07-8",2013,"https://cfpub.epa.gov/ncea/pprtv/documents/EndosulfanSulfate.pdf","Not available","Not available","Not available","Inadequate information to assess carcinogenic potential","Y","Y","NOAEL","Decreased BW gain, increased incidence of marked progressive glomerulonephrosis, and blood vessel aneurysms","GeneralTox","rat",0.6,0.14667690673047,1,1,1,"MW adjusted",NA,"Endosulfan","DTXSID3037541","DTXCID1017541","Endosulfan sulfate",1,"ClC1=C(Cl)C2(Cl)C3COS(=O)(=O)OCC3C1(Cl)C2(Cl)Cl",0,"CASRN","1031-07-8",5,FALSE,"1214972",26,"AAPVQEMYVNZIOO-UHFFFAOYSA-N",NA,419.811796,28,30,NA,72,1,"Level 1: Expert curated, highest confidence in accuracy and consistency of unique chemical identifiers",0,0,505,13940,1,1,17541,37541,139,"C9H6Cl6O4S","6,7,8,9,10,10-Hexachloro-1,5,5a,6,9,9a-hexahydro-3H-6,9-methano-3lambda~6~-2,4,3lambda~6~-benzodioxathiepine-3,3-dione","InChI=1/C9H6Cl6O4S/c10-5-6(11)8(13)4-2-19-20(16,17)18-1-3(4)7(5,12)9(8,14)15/h3-4H,1-2H2
","Metabolite of Endosulfan","ClC1=C(Cl)C2(Cl)C3COS(=O)(=O)OCC3C1(Cl)C2(Cl)Cl","ClC1=C(Cl)C2(Cl)C3COS(=O)(=O)OCC3C1(Cl)C2(Cl)Cl",NA,"EndosulfanSulfate","139/505",0.14667690673047,"O=S1(=O)OCC2C(CO1)C1(Cl)C(Cl)=C(Cl)C2(Cl)C1(Cl)Cl","","O=S1(=O)OCC2C(CO1)C1(Cl)C(Cl)=C(Cl)C2(Cl)C1(Cl)Cl","Endosulfan sulfate",422.93,75.6,46.76,"Organic compounds","Organic acids and derivatives","Organic sulfuric acids and derivatives","Sulfuric acid esters",NA,-0.98,0.272417984543437,-0.82646339649013,2.10050874536385,0.62,NA,-0.73,-0.380307738399163,-1.56915963944011,1.30683421451602,0.61,0.416574097020202,0.0269674797045904,20.269088294051,1.87248343568353,0.149120243271801,126.040101826416,0.416574097020202,0.0269674797045904
1756,"Guanidine","113-00-8",2014,"https://cfpub.epa.gov/ncea/pprtv/documents/Guanidine.pdf","Not available","Not available","Not available","Inadequate information to assess carcinogenic potential","Y","Y","BMDL","Side effects","GeneralTox","human",1.2366795770962,1.2366795770962,1,1,10,"MW adjusted",NA,"Guanidine chloride","DTXSID0023117","DTXCID603117","Guanidine",1,"NC(N)=N",0,"CASRN","113-00-8",5,FALSE,"1435632",3,"ZRALSGWEFCBTJO-UHFFFAOYSA-N","Guanidine",59.048347173,NA,185,4915,41,1,"Level 1: Expert curated, highest confidence in accuracy and consistency of unique chemical identifiers",0,0,NA,3520,3,2,3117,23117,NA,"CH5N3","Guanidine","InChI=1S/CH5N3/c2-1(3)4/h(H5,2,3,4)
",NA,"NC(N)=N","NC(N)=N",NA,"Guanidine",NA,1.2366795770962,"NC(N)=N","","NC(N)=N","Guanidine",59.07,55.83,-82.54,"Organic compounds","Organic nitrogen compounds","Organonitrogen compounds","Guanidines",2.03,NA,1.45088344796179,-0.220310622763524,2.3966946895976,0.5,1.77,NA,1.30094533524049,-0.758194722208953,2.59736381585143,0.5,19.996101623401,0.1745039563777,395.697964156535,28.2412196081132,0.602128768247463,249.284163520059,19.996101623401,0.1745039563777
