"Chemical","CASRN","DTXSID","INCHIKEY","name","pod.med","pod.med.lb"
"Aluminum Phosphate Salts","7784-30-7","DTXSID5064839","ILRRQNADMUWWFW-UHFFFAOYSA-K","PPRTV",3.88790683117517,3.88790683117517
"4-Amino-2,6-Dinitrotoluene","19406-51-0","DTXSID8074312","KQRJATLINVYHEZ-UHFFFAOYSA-N","PPRTV",0.3,0.00333333333333333
"2-Amino-4,6-Dinitrotoluene","35572-78-2","DTXSID6044068","IEEJAAUSLQCGJH-UHFFFAOYSA-N","PPRTV",0.3,0.00333333333333333
"Ammonium Picrate","131-74-8","DTXSID50872815","PADMMUFPGNGRGI-UHFFFAOYSA-N","PPRTV",0.643,0.0643
"Benzo[e]pyrene (BeP)","192-97-2","DTXSID3023764","TXVHTIQJNYSSKO-UHFFFAOYSA-N","PPRTV",0.0224904590320054,0.00224904590320054
"2,3-Benzofluorene","243-17-4","DTXSID1022477","HAPOJKSPCGLOOD-UHFFFAOYSA-N","PPRTV",16.3,0.163
"1-Bromo-2-chloroethane","107-04-0","DTXSID4024775","IBYHHJPAARCAIE-UHFFFAOYSA-N","PPRTV",0.3,0.003
"1-Bromo-3-fluorobenzene","1073-06-9","DTXSID9061461","QDFKKJYEIFBEFC-UHFFFAOYSA-N","PPRTV",1,0.01
"p-Bromofluorobenzene","460-00-4","DTXSID4027153","AITNMTXHTIIIBB-UHFFFAOYSA-N","PPRTV",1,0.01
"tert-Butyl Formate","762-75-4","DTXSID4024690","RUPAXCPQAAOIPB-UHFFFAOYSA-N","PPRTV",23,0.023
"p,p'-DDD","72-54-8","DTXSID4020373","AHJKRLASYNVKDZ-UHFFFAOYSA-N","PPRTV",0.01,0.001
"Dibenzothiophene","132-65-0","DTXSID0047741","IYYZUPMFVPLQIF-UHFFFAOYSA-N","PPRTV",1.04,0.104
"cis-1,2-Dichloroethylene","156-59-2","DTXSID2024030","KFUSEUYYWQURPO-UPHRSURJSA-N","PPRTV",NA,NA
"2,2-Difluoropropane","420-45-1","DTXSID60870529","YZXSQDNPKVBDOG-UHFFFAOYSA-N","PPRTV",NA,NA
"3,5-Dinitroaniline","618-87-1","DTXSID0044151","MPBZUKLDHPOCLS-UHFFFAOYSA-N","PPRTV",0.11,0.011
"n-Heptanal","111-71-7","DTXSID0021597","FXHGMKSSBGDXIY-UHFFFAOYSA-N","PPRTV",NA,NA
"delta-Hexachlorocyclohexane","319-86-8","DTXSID5024134","JLYXXMFPNIAWKQ-GPIVLXJGNA-N","PPRTV",1.7e-05,1.7e-06
"4-Methyl-2-Pentanol","108-11-2","DTXSID2026781","WVYWICLMDOOCFB-UHFFFAOYNA-N","PPRTV",NA,NA
"Pentamethylphosphoramide (PMPA)","10159-46-3","DTXSID60144035","JSJBYUNWLNWERF-UHFFFAOYSA-N","PPRTV",0.29,0.0029
"Perylene","198-55-0","DTXSID4047753","CSHWQDPOILHKBI-UHFFFAOYSA-N","PPRTV",0.0224904590320054,0.00224904590320054
"1-Phenyl-1-(2,4-dimethylphenyl)-ethane (PXE)","6165-52-2","DTXSID50884231","JOUBGGHXBLOLFY-UHFFFAOYNA-N","PPRTV",NA,NA
"1-Phenyl-1-(4-methylphenyl)-ethane (PTE)","3717-68-8","DTXSID101027177","BOKDBSJFKVOFBS-UHFFFAOYNA-N","PPRTV",NA,NA
"Picric Acid (2,4,6-Trinitrophenol)","88-89-1","DTXSID4025909","OXNIZHLAWKMVMX-UHFFFAOYSA-N","PPRTV",0.643,0.0643
"N,N,N',N'' Tetramethylphosphoramide (TMPA)","16853-36-4","DTXSID80168576","IQICYUQNNRAIMZ-UHFFFAOYSA-N","PPRTV",0.29,0.0029
"2,3-Toluenediamine","2687-25-4","DTXSID4027494","AXNUJYHFQHQZBE-UHFFFAOYSA-N","PPRTV",0.32,0.0032
"3,4-Toluenediamine","496-72-0","DTXSID9024930","DGRGLKZMKWPMOH-UHFFFAOYSA-N","PPRTV",0.32,0.0032
"o-Aminophenol","95-55-6","DTXSID8024498","CDAWCLOXVUBKRW-UHFFFAOYSA-N","PPRTV",12,0.12
"tert-Butylbenzene","98-06-6","DTXSID3047138","YTZKOQUCBOVLHL-UHFFFAOYSA-N","PPRTV",26.8907662339196,2.98786291487995
"sec-Butylbenzene","135-98-8","DTXSID2022333","ZJMWRROPUADPEA-UHFFFAOYNA-N","PPRTV",26.8907662339196,2.98786291487995
"Cyanogen Bromide","506-68-3","DTXSID9021550","ATDGTVJJHBUTRL-UHFFFAOYSA-N","PPRTV",NA,NA
"1,3-Dibromobenzene","108-36-1","DTXSID7051555","JSRLURSZEMLAFO-UHFFFAOYSA-N","PPRTV",1.2,0.012
"n-Heptane","142-82-5","DTXSID6024127","IMNFDUFMRHMDMM-UHFFFAOYSA-N","PPRTV",0.468044168522242,0.00468044168522242
"Methyl Phosphonic Acid","993-13-5","DTXSID5047748","YACKEPLHDIMKIO-UHFFFAOYSA-N","PPRTV",43.7586105079236,1.45862035026412
"Picramic Acid (2-Amino-4,6-dinitrophenol)","96-91-3","DTXSID5024479","QXYMVUZOGFVPGH-UHFFFAOYSA-N","PPRTV",1.2,0.0012
"n-Propylbenzene","103-65-1","DTXSID3042219","ODLMAHJVESYWTB-UHFFFAOYSA-N","PPRTV",23.7372127392144,2.37372127392144
"1,2-Dinitrobenzene","528-29-0","DTXSID4024066","IZUKQUVSCNEFMJ-UHFFFAOYSA-N","PPRTV",0.0977846044869802,0.00325948681623267
"1,4-Dinitrobenzene","100-25-4","DTXSID0021836","FYFDQJRXFWGIBS-UHFFFAOYSA-N","PPRTV",0.0977846044869802,0.00325948681623267
"Thiocyanic Acid","463-56-9","DTXSID7047221","ZMZDMBWJUHKJPS-UHFFFAOYSA-N","PPRTV",0.018,2e-04
"Methyl Acetate","79-20-9","DTXSID4021767","KXKVLQRXCPHEJC-UHFFFAOYSA-N","PPRTV",282.597506967373,28.2597506967373
"Endosulfan Sulfate","1031-07-8","DTXSID3037541","AAPVQEMYVNZIOO-UHFFFAOYNA-N","PPRTV",0.14667690673047,0.14667690673047
"Guanidine","113-00-8","DTXSID0023117","ZRALSGWEFCBTJO-UHFFFAOYSA-N","PPRTV",1.2366795770962,0.12366795770962
"Aluminum Phosphate Salts","7784-30-7","DTXSID5064839","ILRRQNADMUWWFW-UHFFFAOYSA-K","CTV",NA,NA
"4-Amino-2,6-Dinitrotoluene","19406-51-0","DTXSID8074312","KQRJATLINVYHEZ-UHFFFAOYSA-N","CTV",NA,NA
"2-Amino-4,6-Dinitrotoluene","35572-78-2","DTXSID6044068","IEEJAAUSLQCGJH-UHFFFAOYSA-N","CTV",NA,NA
"Ammonium Picrate","131-74-8","DTXSID50872815","PADMMUFPGNGRGI-UHFFFAOYSA-N","CTV",NA,NA
"Benzo[e]pyrene (BeP)","192-97-2","DTXSID3023764","TXVHTIQJNYSSKO-UHFFFAOYSA-N","CTV",NA,NA
"2,3-Benzofluorene","243-17-4","DTXSID1022477","HAPOJKSPCGLOOD-UHFFFAOYSA-N","CTV",NA,NA
"1-Bromo-2-chloroethane","107-04-0","DTXSID4024775","IBYHHJPAARCAIE-UHFFFAOYSA-N","CTV",1.81081368504599,0.0347226081722115
"1-Bromo-3-fluorobenzene","1073-06-9","DTXSID9061461","QDFKKJYEIFBEFC-UHFFFAOYSA-N","CTV",NA,NA
"p-Bromofluorobenzene","460-00-4","DTXSID4027153","AITNMTXHTIIIBB-UHFFFAOYSA-N","CTV",NA,NA
"tert-Butyl Formate","762-75-4","DTXSID4024690","RUPAXCPQAAOIPB-UHFFFAOYSA-N","CTV",12.230839133099,0.234528067875278
"p,p'-DDD","72-54-8","DTXSID4020373","AHJKRLASYNVKDZ-UHFFFAOYSA-N","CTV",NA,NA
"Dibenzothiophene","132-65-0","DTXSID0047741","IYYZUPMFVPLQIF-UHFFFAOYSA-N","CTV",NA,NA
"cis-1,2-Dichloroethylene","156-59-2","DTXSID2024030","KFUSEUYYWQURPO-UPHRSURJSA-N","CTV",1.96031758633908,0.0707262824625468
"2,2-Difluoropropane","420-45-1","DTXSID60870529","YZXSQDNPKVBDOG-UHFFFAOYSA-N","CTV",8.4593662573148,0.162209542794851
"3,5-Dinitroaniline","618-87-1","DTXSID0044151","MPBZUKLDHPOCLS-UHFFFAOYSA-N","CTV",NA,NA
"n-Heptanal","111-71-7","DTXSID0021597","FXHGMKSSBGDXIY-UHFFFAOYSA-N","CTV",12.4137309692653,0.238035044665624
"delta-Hexachlorocyclohexane","319-86-8","DTXSID5024134","JLYXXMFPNIAWKQ-GPIVLXJGNA-N","CTV",0.0847970893358398,0.0025336472720894
"4-Methyl-2-Pentanol","108-11-2","DTXSID2026781","WVYWICLMDOOCFB-UHFFFAOYNA-N","CTV",23.206911908245,0.638583097486363
"Pentamethylphosphoramide (PMPA)","10159-46-3","DTXSID60144035","JSJBYUNWLNWERF-UHFFFAOYSA-N","CTV",2.38075812526455,0.0562398677176483
"Perylene","198-55-0","DTXSID4047753","CSHWQDPOILHKBI-UHFFFAOYSA-N","CTV",NA,NA
"1-Phenyl-1-(2,4-dimethylphenyl)-ethane (PXE)","6165-52-2","DTXSID50884231","JOUBGGHXBLOLFY-UHFFFAOYNA-N","CTV",NA,NA
"1-Phenyl-1-(4-methylphenyl)-ethane (PTE)","3717-68-8","DTXSID101027177","BOKDBSJFKVOFBS-UHFFFAOYNA-N","CTV",NA,NA
"Picric Acid (2,4,6-Trinitrophenol)","88-89-1","DTXSID4025909","OXNIZHLAWKMVMX-UHFFFAOYSA-N","CTV",NA,NA
"N,N,N',N'' Tetramethylphosphoramide (TMPA)","16853-36-4","DTXSID80168576","IQICYUQNNRAIMZ-UHFFFAOYSA-N","CTV",3.43480733635002,0.0658629158107395
"2,3-Toluenediamine","2687-25-4","DTXSID4027494","AXNUJYHFQHQZBE-UHFFFAOYSA-N","CTV",NA,NA
"3,4-Toluenediamine","496-72-0","DTXSID9024930","DGRGLKZMKWPMOH-UHFFFAOYSA-N","CTV",NA,NA
"o-Aminophenol","95-55-6","DTXSID8024498","CDAWCLOXVUBKRW-UHFFFAOYSA-N","CTV",NA,NA
"tert-Butylbenzene","98-06-6","DTXSID3047138","YTZKOQUCBOVLHL-UHFFFAOYSA-N","CTV",6.271794341036,0.226280017688107
"sec-Butylbenzene","135-98-8","DTXSID2022333","ZJMWRROPUADPEA-UHFFFAOYNA-N","CTV",9.5781671635933,0.34557061621372
"Cyanogen Bromide","506-68-3","DTXSID9021550","ATDGTVJJHBUTRL-UHFFFAOYSA-N","CTV",0.936210447714993,0.0179519675663997
"1,3-Dibromobenzene","108-36-1","DTXSID7051555","JSRLURSZEMLAFO-UHFFFAOYSA-N","CTV",NA,NA
"n-Heptane","142-82-5","DTXSID6024127","IMNFDUFMRHMDMM-UHFFFAOYSA-N","CTV",16.1117534981811,0.581295825135845
"Methyl Phosphonic Acid","993-13-5","DTXSID5047748","YACKEPLHDIMKIO-UHFFFAOYSA-N","CTV",5.05519535158045,0.0969340848682922
"Picramic Acid (2-Amino-4,6-dinitrophenol)","96-91-3","DTXSID5024479","QXYMVUZOGFVPGH-UHFFFAOYSA-N","CTV",NA,NA
"n-Propylbenzene","103-65-1","DTXSID3042219","ODLMAHJVESYWTB-UHFFFAOYSA-N","CTV",13.4390645977413,0.484867903749882
"1,2-Dinitrobenzene","528-29-0","DTXSID4024066","IZUKQUVSCNEFMJ-UHFFFAOYSA-N","CTV",NA,NA
"1,4-Dinitrobenzene","100-25-4","DTXSID0021836","FYFDQJRXFWGIBS-UHFFFAOYSA-N","CTV",NA,NA
"Thiocyanic Acid","463-56-9","DTXSID7047221","ZMZDMBWJUHKJPS-UHFFFAOYSA-N","CTV",1.00484946443775,0.019268130406714
"Methyl Acetate","79-20-9","DTXSID4021767","KXKVLQRXCPHEJC-UHFFFAOYSA-N","CTV",9.5649140279626,0.18340857744589
"Endosulfan Sulfate","1031-07-8","DTXSID3037541","AAPVQEMYVNZIOO-UHFFFAOYNA-N","CTV",0.071220667233494,0.00207437708663319
"Guanidine","113-00-8","DTXSID0023117","ZRALSGWEFCBTJO-UHFFFAOYSA-N","CTV",2.01256948208359,0.0385913040766335
"Aluminum Phosphate Salts","7784-30-7","DTXSID5064839","ILRRQNADMUWWFW-UHFFFAOYSA-K","Aurisano",123,18.4428710954617
"4-Amino-2,6-Dinitrotoluene","19406-51-0","DTXSID8074312","KQRJATLINVYHEZ-UHFFFAOYSA-N","Aurisano",0.027,0.00407347193610467
"2-Amino-4,6-Dinitrotoluene","35572-78-2","DTXSID6044068","IEEJAAUSLQCGJH-UHFFFAOYSA-N","Aurisano",0.027,0.00421080216624462
"Ammonium Picrate","131-74-8","DTXSID50872815","PADMMUFPGNGRGI-UHFFFAOYSA-N","Aurisano",NA,NA
"Benzo[e]pyrene (BeP)","192-97-2","DTXSID3023764","TXVHTIQJNYSSKO-UHFFFAOYSA-N","Aurisano",NA,NA
"2,3-Benzofluorene","243-17-4","DTXSID1022477","HAPOJKSPCGLOOD-UHFFFAOYSA-N","Aurisano",NA,NA
"1-Bromo-2-chloroethane","107-04-0","DTXSID4024775","IBYHHJPAARCAIE-UHFFFAOYSA-N","Aurisano",NA,NA
"1-Bromo-3-fluorobenzene","1073-06-9","DTXSID9061461","QDFKKJYEIFBEFC-UHFFFAOYSA-N","Aurisano",0.27,0.0475368783982909
"p-Bromofluorobenzene","460-00-4","DTXSID4027153","AITNMTXHTIIIBB-UHFFFAOYSA-N","Aurisano",0.27,0.0465110362009033
"tert-Butyl Formate","762-75-4","DTXSID4024690","RUPAXCPQAAOIPB-UHFFFAOYSA-N","Aurisano",1.47,0.140472071983644
"p,p'-DDD","72-54-8","DTXSID4020373","AHJKRLASYNVKDZ-UHFFFAOYSA-N","Aurisano",0.258,0.0293496493942817
"Dibenzothiophene","132-65-0","DTXSID0047741","IYYZUPMFVPLQIF-UHFFFAOYSA-N","Aurisano",1.19,0.113715486843902
"cis-1,2-Dichloroethylene","156-59-2","DTXSID2024030","KFUSEUYYWQURPO-UPHRSURJSA-N","Aurisano",2.22,0.400543657598697
"2,2-Difluoropropane","420-45-1","DTXSID60870529","YZXSQDNPKVBDOG-UHFFFAOYSA-N","Aurisano",NA,NA
"3,5-Dinitroaniline","618-87-1","DTXSID0044151","MPBZUKLDHPOCLS-UHFFFAOYSA-N","Aurisano",NA,NA
"n-Heptanal","111-71-7","DTXSID0021597","FXHGMKSSBGDXIY-UHFFFAOYSA-N","Aurisano",27.7,4.99777446643419
"delta-Hexachlorocyclohexane","319-86-8","DTXSID5024134","JLYXXMFPNIAWKQ-GPIVLXJGNA-N","Aurisano",1.39,0.132827333372289
"4-Methyl-2-Pentanol","108-11-2","DTXSID2026781","WVYWICLMDOOCFB-UHFFFAOYNA-N","Aurisano",19.1,1.82518134346095
"Pentamethylphosphoramide (PMPA)","10159-46-3","DTXSID60144035","JSJBYUNWLNWERF-UHFFFAOYSA-N","Aurisano",NA,NA
"Perylene","198-55-0","DTXSID4047753","CSHWQDPOILHKBI-UHFFFAOYSA-N","Aurisano",NA,NA
"1-Phenyl-1-(2,4-dimethylphenyl)-ethane (PXE)","6165-52-2","DTXSID50884231","JOUBGGHXBLOLFY-UHFFFAOYNA-N","Aurisano",NA,NA
"1-Phenyl-1-(4-methylphenyl)-ethane (PTE)","3717-68-8","DTXSID101027177","BOKDBSJFKVOFBS-UHFFFAOYNA-N","Aurisano",NA,NA
"Picric Acid (2,4,6-Trinitrophenol)","88-89-1","DTXSID4025909","OXNIZHLAWKMVMX-UHFFFAOYSA-N","Aurisano",NA,NA
"N,N,N',N'' Tetramethylphosphoramide (TMPA)","16853-36-4","DTXSID80168576","IQICYUQNNRAIMZ-UHFFFAOYSA-N","Aurisano",NA,NA
"2,3-Toluenediamine","2687-25-4","DTXSID4027494","AXNUJYHFQHQZBE-UHFFFAOYSA-N","Aurisano",33.4,4.36873684105263
"3,4-Toluenediamine","496-72-0","DTXSID9024930","DGRGLKZMKWPMOH-UHFFFAOYSA-N","Aurisano",NA,NA
"o-Aminophenol","95-55-6","DTXSID8024498","CDAWCLOXVUBKRW-UHFFFAOYSA-N","Aurisano",2.98,0.537666711551404
"tert-Butylbenzene","98-06-6","DTXSID3047138","YTZKOQUCBOVLHL-UHFFFAOYSA-N","Aurisano",29.7,5.358624608415
"sec-Butylbenzene","135-98-8","DTXSID2022333","ZJMWRROPUADPEA-UHFFFAOYNA-N","Aurisano",29.7,5.358624608415
"Cyanogen Bromide","506-68-3","DTXSID9021550","ATDGTVJJHBUTRL-UHFFFAOYSA-N","Aurisano",13.7,1.3091614871945
"1,3-Dibromobenzene","108-36-1","DTXSID7051555","JSRLURSZEMLAFO-UHFFFAOYSA-N","Aurisano",0.265,0.0478126438124571
"n-Heptane","142-82-5","DTXSID6024127","IMNFDUFMRHMDMM-UHFFFAOYSA-N","Aurisano",37.1,6.69377013374399
"Methyl Phosphonic Acid","993-13-5","DTXSID5047748","YACKEPLHDIMKIO-UHFFFAOYSA-N","Aurisano",55.5,10.0135914399674
"Picramic Acid (2-Amino-4,6-dinitrophenol)","96-91-3","DTXSID5024479","QXYMVUZOGFVPGH-UHFFFAOYSA-N","Aurisano",0.153,0.0276050358615318
"n-Propylbenzene","103-65-1","DTXSID3042219","ODLMAHJVESYWTB-UHFFFAOYSA-N","Aurisano",56,10.1038039754626
"1,2-Dinitrobenzene","528-29-0","DTXSID4024066","IZUKQUVSCNEFMJ-UHFFFAOYSA-N","Aurisano",0.127,0.0229139840157813
"1,4-Dinitrobenzene","100-25-4","DTXSID0021836","FYFDQJRXFWGIBS-UHFFFAOYSA-N","Aurisano",0.132,0.0238161093707333
"Thiocyanic Acid","463-56-9","DTXSID7047221","ZMZDMBWJUHKJPS-UHFFFAOYSA-N","Aurisano",0.099,0.00946036403155153
"Methyl Acetate","79-20-9","DTXSID4021767","KXKVLQRXCPHEJC-UHFFFAOYSA-N","Aurisano",334,60.2619737107949
"Endosulfan Sulfate","1031-07-8","DTXSID3037541","AAPVQEMYVNZIOO-UHFFFAOYNA-N","Aurisano",0.106,0.0120583830844723
"Guanidine","113-00-8","DTXSID0023117","ZRALSGWEFCBTJO-UHFFFAOYSA-N","Aurisano",NA,NA
"Aluminum Phosphate Salts","7784-30-7","DTXSID5064839","ILRRQNADMUWWFW-UHFFFAOYSA-K","Kvasnicka",NA,NA
"4-Amino-2,6-Dinitrotoluene","19406-51-0","DTXSID8074312","KQRJATLINVYHEZ-UHFFFAOYSA-N","Kvasnicka",4.836775563,0.352877682
"2-Amino-4,6-Dinitrotoluene","35572-78-2","DTXSID6044068","IEEJAAUSLQCGJH-UHFFFAOYSA-N","Kvasnicka",7.10547471,0.518395657
"Ammonium Picrate","131-74-8","DTXSID50872815","PADMMUFPGNGRGI-UHFFFAOYSA-N","Kvasnicka",1.791809015,0.130725398
"Benzo[e]pyrene (BeP)","192-97-2","DTXSID3023764","TXVHTIQJNYSSKO-UHFFFAOYSA-N","Kvasnicka",0.655385417,0.072577581
"2,3-Benzofluorene","243-17-4","DTXSID1022477","HAPOJKSPCGLOOD-UHFFFAOYSA-N","Kvasnicka",1.583356197,0.115517261
"1-Bromo-2-chloroethane","107-04-0","DTXSID4024775","IBYHHJPAARCAIE-UHFFFAOYSA-N","Kvasnicka",4.077243172,0.297464313
"1-Bromo-3-fluorobenzene","1073-06-9","DTXSID9061461","QDFKKJYEIFBEFC-UHFFFAOYSA-N","Kvasnicka",3.714283799,0.270983808
"p-Bromofluorobenzene","460-00-4","DTXSID4027153","AITNMTXHTIIIBB-UHFFFAOYSA-N","Kvasnicka",3.569838728,0.260445497
"tert-Butyl Formate","762-75-4","DTXSID4024690","RUPAXCPQAAOIPB-UHFFFAOYSA-N","Kvasnicka",70.3650747,5.133639996
"p,p'-DDD","72-54-8","DTXSID4020373","AHJKRLASYNVKDZ-UHFFFAOYSA-N","Kvasnicka",2.279393968,0.252420783
"Dibenzothiophene","132-65-0","DTXSID0047741","IYYZUPMFVPLQIF-UHFFFAOYSA-N","Kvasnicka",2.595368666,0.191557794
"cis-1,2-Dichloroethylene","156-59-2","DTXSID2024030","KFUSEUYYWQURPO-UPHRSURJSA-N","Kvasnicka",5.40664683,0.598733717
"2,2-Difluoropropane","420-45-1","DTXSID60870529","YZXSQDNPKVBDOG-UHFFFAOYSA-N","Kvasnicka",2.619307562,0.191097389
"3,5-Dinitroaniline","618-87-1","DTXSID0044151","MPBZUKLDHPOCLS-UHFFFAOYSA-N","Kvasnicka",1.911573498,0.139463082
"n-Heptanal","111-71-7","DTXSID0021597","FXHGMKSSBGDXIY-UHFFFAOYSA-N","Kvasnicka",NA,NA
"delta-Hexachlorocyclohexane","319-86-8","DTXSID5024134","JLYXXMFPNIAWKQ-GPIVLXJGNA-N","Kvasnicka",1.758639559,0.128305447
"4-Methyl-2-Pentanol","108-11-2","DTXSID2026781","WVYWICLMDOOCFB-UHFFFAOYNA-N","Kvasnicka",31.96553661,2.332116578
"Pentamethylphosphoramide (PMPA)","10159-46-3","DTXSID60144035","JSJBYUNWLNWERF-UHFFFAOYSA-N","Kvasnicka",0.629584831,0.045932757
"Perylene","198-55-0","DTXSID4047753","CSHWQDPOILHKBI-UHFFFAOYSA-N","Kvasnicka",0.739092106,0.081847285
"1-Phenyl-1-(2,4-dimethylphenyl)-ethane (PXE)","6165-52-2","DTXSID50884231","JOUBGGHXBLOLFY-UHFFFAOYNA-N","Kvasnicka",NA,NA
"1-Phenyl-1-(4-methylphenyl)-ethane (PTE)","3717-68-8","DTXSID101027177","BOKDBSJFKVOFBS-UHFFFAOYNA-N","Kvasnicka",NA,NA
"Picric Acid (2,4,6-Trinitrophenol)","88-89-1","DTXSID4025909","OXNIZHLAWKMVMX-UHFFFAOYSA-N","Kvasnicka",1.540396438,0.112383037
"N,N,N',N'' Tetramethylphosphoramide (TMPA)","16853-36-4","DTXSID80168576","IQICYUQNNRAIMZ-UHFFFAOYSA-N","Kvasnicka",3.062224596,0.223411383
"2,3-Toluenediamine","2687-25-4","DTXSID4027494","AXNUJYHFQHQZBE-UHFFFAOYSA-N","Kvasnicka",6.801232179,0.496198969
"3,4-Toluenediamine","496-72-0","DTXSID9024930","DGRGLKZMKWPMOH-UHFFFAOYSA-N","Kvasnicka",3.27656462,0.239049035
"o-Aminophenol","95-55-6","DTXSID8024498","CDAWCLOXVUBKRW-UHFFFAOYSA-N","Kvasnicka",15.32569186,1.697171786
"tert-Butylbenzene","98-06-6","DTXSID3047138","YTZKOQUCBOVLHL-UHFFFAOYSA-N","Kvasnicka",17.06475528,1.244997047
"sec-Butylbenzene","135-98-8","DTXSID2022333","ZJMWRROPUADPEA-UHFFFAOYNA-N","Kvasnicka",17.03126908,1.242553987
"Cyanogen Bromide","506-68-3","DTXSID9021550","ATDGTVJJHBUTRL-UHFFFAOYSA-N","Kvasnicka",2.337613425,0.170545769
"1,3-Dibromobenzene","108-36-1","DTXSID7051555","JSRLURSZEMLAFO-UHFFFAOYSA-N","Kvasnicka",4.670435746,0.340741992
"n-Heptane","142-82-5","DTXSID6024127","IMNFDUFMRHMDMM-UHFFFAOYSA-N","Kvasnicka",40.68594363,2.968333202
"Methyl Phosphonic Acid","993-13-5","DTXSID5047748","YACKEPLHDIMKIO-UHFFFAOYSA-N","Kvasnicka",NA,NA
"Picramic Acid (2-Amino-4,6-dinitrophenol)","96-91-3","DTXSID5024479","QXYMVUZOGFVPGH-UHFFFAOYSA-N","Kvasnicka",2.002819554,0.14612014
"n-Propylbenzene","103-65-1","DTXSID3042219","ODLMAHJVESYWTB-UHFFFAOYSA-N","Kvasnicka",28.23501785,2.059948313
"1,2-Dinitrobenzene","528-29-0","DTXSID4024066","IZUKQUVSCNEFMJ-UHFFFAOYSA-N","Kvasnicka",13.87591306,1.53662284
"1,4-Dinitrobenzene","100-25-4","DTXSID0021836","FYFDQJRXFWGIBS-UHFFFAOYSA-N","Kvasnicka",15.86334673,1.756711851
"Thiocyanic Acid","463-56-9","DTXSID7047221","ZMZDMBWJUHKJPS-UHFFFAOYSA-N","Kvasnicka",6.478624735,0.472662428
"Methyl Acetate","79-20-9","DTXSID4021767","KXKVLQRXCPHEJC-UHFFFAOYSA-N","Kvasnicka",52.26573045,3.813162217
"Endosulfan Sulfate","1031-07-8","DTXSID3037541","AAPVQEMYVNZIOO-UHFFFAOYNA-N","Kvasnicka",0.32719595,0.023871306
"Guanidine","113-00-8","DTXSID0023117","ZRALSGWEFCBTJO-UHFFFAOYSA-N","Kvasnicka",11.35778351,0.828632271
"Aluminum Phosphate Salts","7784-30-7","DTXSID5064839","ILRRQNADMUWWFW-UHFFFAOYSA-K","von Borries",96.5997878666968,0.977382471471441
"4-Amino-2,6-Dinitrotoluene","19406-51-0","DTXSID8074312","KQRJATLINVYHEZ-UHFFFAOYSA-N","von Borries",2.22348295751544,0.174628446829221
"2-Amino-4,6-Dinitrotoluene","35572-78-2","DTXSID6044068","IEEJAAUSLQCGJH-UHFFFAOYSA-N","von Borries",1.68692935180843,0.174668587637203
"Ammonium Picrate","131-74-8","DTXSID50872815","PADMMUFPGNGRGI-UHFFFAOYSA-N","von Borries",4.88544669081421,0.168748784784368
"Benzo[e]pyrene (BeP)","192-97-2","DTXSID3023764","TXVHTIQJNYSSKO-UHFFFAOYSA-N","von Borries",0.672220773991285,0.0875036173380404
"2,3-Benzofluorene","243-17-4","DTXSID1022477","HAPOJKSPCGLOOD-UHFFFAOYSA-N","von Borries",14.7856285584348,0.110078917192726
"1-Bromo-2-chloroethane","107-04-0","DTXSID4024775","IBYHHJPAARCAIE-UHFFFAOYSA-N","von Borries",4.37232911012143,0.332970927790319
"1-Bromo-3-fluorobenzene","1073-06-9","DTXSID9061461","QDFKKJYEIFBEFC-UHFFFAOYSA-N","von Borries",5.43036812814535,0.240299226929355
"p-Bromofluorobenzene","460-00-4","DTXSID4027153","AITNMTXHTIIIBB-UHFFFAOYSA-N","von Borries",5.69941357753123,0.242873630766473
"tert-Butyl Formate","762-75-4","DTXSID4024690","RUPAXCPQAAOIPB-UHFFFAOYSA-N","von Borries",36.904120358522,3.08619054276705
"p,p'-DDD","72-54-8","DTXSID4020373","AHJKRLASYNVKDZ-UHFFFAOYSA-N","von Borries",2.40408109851614,0.162049054249438
"Dibenzothiophene","132-65-0","DTXSID0047741","IYYZUPMFVPLQIF-UHFFFAOYSA-N","von Borries",5.54130882434038,0.0356930521030647
"cis-1,2-Dichloroethylene","156-59-2","DTXSID2024030","KFUSEUYYWQURPO-UPHRSURJSA-N","von Borries",3.6310805453686,0.272657329855913
"2,2-Difluoropropane","420-45-1","DTXSID60870529","YZXSQDNPKVBDOG-UHFFFAOYSA-N","von Borries",10.2339931030292,0.0372852460741582
"3,5-Dinitroaniline","618-87-1","DTXSID0044151","MPBZUKLDHPOCLS-UHFFFAOYSA-N","von Borries",1.79344572450009,0.161752756783717
"n-Heptanal","111-71-7","DTXSID0021597","FXHGMKSSBGDXIY-UHFFFAOYSA-N","von Borries",35.0709710514639,3.75242156237289
"delta-Hexachlorocyclohexane","319-86-8","DTXSID5024134","JLYXXMFPNIAWKQ-GPIVLXJGNA-N","von Borries",0.668745968301664,0.00472473184972036
"4-Methyl-2-Pentanol","108-11-2","DTXSID2026781","WVYWICLMDOOCFB-UHFFFAOYNA-N","von Borries",37.8501639440074,4.57237677175894
"Pentamethylphosphoramide (PMPA)","10159-46-3","DTXSID60144035","JSJBYUNWLNWERF-UHFFFAOYSA-N","von Borries",3.37788785938574,0.0268135250074046
"Perylene","198-55-0","DTXSID4047753","CSHWQDPOILHKBI-UHFFFAOYSA-N","von Borries",1.26000137476149,0.0882754743798857
"1-Phenyl-1-(2,4-dimethylphenyl)-ethane (PXE)","6165-52-2","DTXSID50884231","JOUBGGHXBLOLFY-UHFFFAOYNA-N","von Borries",12.568943775259,0.249179524715618
"1-Phenyl-1-(4-methylphenyl)-ethane (PTE)","3717-68-8","DTXSID101027177","BOKDBSJFKVOFBS-UHFFFAOYNA-N","von Borries",10.2452108145262,0.53624896998094
"Picric Acid (2,4,6-Trinitrophenol)","88-89-1","DTXSID4025909","OXNIZHLAWKMVMX-UHFFFAOYSA-N","von Borries",1.59792421956081,0.127285347359223
"N,N,N',N'' Tetramethylphosphoramide (TMPA)","16853-36-4","DTXSID80168576","IQICYUQNNRAIMZ-UHFFFAOYSA-N","von Borries",4.70316857936268,0.0245396922143519
"2,3-Toluenediamine","2687-25-4","DTXSID4027494","AXNUJYHFQHQZBE-UHFFFAOYSA-N","von Borries",5.21628896683251,0.334574741083593
"3,4-Toluenediamine","496-72-0","DTXSID9024930","DGRGLKZMKWPMOH-UHFFFAOYSA-N","von Borries",3.34535994697035,0.329349798648505
"o-Aminophenol","95-55-6","DTXSID8024498","CDAWCLOXVUBKRW-UHFFFAOYSA-N","von Borries",13.4496647128835,0.757317010715356
"tert-Butylbenzene","98-06-6","DTXSID3047138","YTZKOQUCBOVLHL-UHFFFAOYSA-N","von Borries",20.4082374412974,1.46865276058069
"sec-Butylbenzene","135-98-8","DTXSID2022333","ZJMWRROPUADPEA-UHFFFAOYNA-N","von Borries",29.7748714987829,2.83732259614797
"Cyanogen Bromide","506-68-3","DTXSID9021550","ATDGTVJJHBUTRL-UHFFFAOYSA-N","von Borries",1.29311890115423,0.0586884486558133
"1,3-Dibromobenzene","108-36-1","DTXSID7051555","JSRLURSZEMLAFO-UHFFFAOYSA-N","von Borries",4.72445097733726,0.418297743076858
"n-Heptane","142-82-5","DTXSID6024127","IMNFDUFMRHMDMM-UHFFFAOYSA-N","von Borries",29.4714306350215,3.4385895305741
"Methyl Phosphonic Acid","993-13-5","DTXSID5047748","YACKEPLHDIMKIO-UHFFFAOYSA-N","von Borries",25.4455514683505,0.239798523610757
"Picramic Acid (2-Amino-4,6-dinitrophenol)","96-91-3","DTXSID5024479","QXYMVUZOGFVPGH-UHFFFAOYSA-N","von Borries",2.99470072920485,0.179652066817604
"n-Propylbenzene","103-65-1","DTXSID3042219","ODLMAHJVESYWTB-UHFFFAOYSA-N","von Borries",33.7123166266247,3.90756934144919
"1,2-Dinitrobenzene","528-29-0","DTXSID4024066","IZUKQUVSCNEFMJ-UHFFFAOYSA-N","von Borries",0.330967209172741,0.0754653906013694
"1,4-Dinitrobenzene","100-25-4","DTXSID0021836","FYFDQJRXFWGIBS-UHFFFAOYSA-N","von Borries",0.628326552074213,0.0959750714798852
"Thiocyanic Acid","463-56-9","DTXSID7047221","ZMZDMBWJUHKJPS-UHFFFAOYSA-N","von Borries",1.20482296074988,0.0284599850116076
"Methyl Acetate","79-20-9","DTXSID4021767","KXKVLQRXCPHEJC-UHFFFAOYSA-N","von Borries",63.268518402474,1.97444846785938
"Endosulfan Sulfate","1031-07-8","DTXSID3037541","AAPVQEMYVNZIOO-UHFFFAOYNA-N","von Borries",0.416574097020202,0.0269674797045904
"Guanidine","113-00-8","DTXSID0023117","ZRALSGWEFCBTJO-UHFFFAOYSA-N","von Borries",19.996101623401,0.1745039563777
"Aluminum Phosphate Salts","7784-30-7","DTXSID5064839","ILRRQNADMUWWFW-UHFFFAOYSA-K","ToxCast",NA,NA
"4-Amino-2,6-Dinitrotoluene","19406-51-0","DTXSID8074312","KQRJATLINVYHEZ-UHFFFAOYSA-N","ToxCast",NA,NA
"2-Amino-4,6-Dinitrotoluene","35572-78-2","DTXSID6044068","IEEJAAUSLQCGJH-UHFFFAOYSA-N","ToxCast",NA,NA
"Ammonium Picrate","131-74-8","DTXSID50872815","PADMMUFPGNGRGI-UHFFFAOYSA-N","ToxCast",NA,NA
"Benzo[e]pyrene (BeP)","192-97-2","DTXSID3023764","TXVHTIQJNYSSKO-UHFFFAOYSA-N","ToxCast",0.578799618364291,0.000739818561451483
"2,3-Benzofluorene","243-17-4","DTXSID1022477","HAPOJKSPCGLOOD-UHFFFAOYSA-N","ToxCast",NA,NA
"1-Bromo-2-chloroethane","107-04-0","DTXSID4024775","IBYHHJPAARCAIE-UHFFFAOYSA-N","ToxCast",NA,NA
"1-Bromo-3-fluorobenzene","1073-06-9","DTXSID9061461","QDFKKJYEIFBEFC-UHFFFAOYSA-N","ToxCast",NA,NA
"p-Bromofluorobenzene","460-00-4","DTXSID4027153","AITNMTXHTIIIBB-UHFFFAOYSA-N","ToxCast",NA,NA
"tert-Butyl Formate","762-75-4","DTXSID4024690","RUPAXCPQAAOIPB-UHFFFAOYSA-N","ToxCast",NA,NA
"p,p'-DDD","72-54-8","DTXSID4020373","AHJKRLASYNVKDZ-UHFFFAOYSA-N","ToxCast",0.000584015419364721,7.55740116682209e-05
"Dibenzothiophene","132-65-0","DTXSID0047741","IYYZUPMFVPLQIF-UHFFFAOYSA-N","ToxCast",NA,NA
"cis-1,2-Dichloroethylene","156-59-2","DTXSID2024030","KFUSEUYYWQURPO-UPHRSURJSA-N","ToxCast",NA,NA
"2,2-Difluoropropane","420-45-1","DTXSID60870529","YZXSQDNPKVBDOG-UHFFFAOYSA-N","ToxCast",NA,NA
"3,5-Dinitroaniline","618-87-1","DTXSID0044151","MPBZUKLDHPOCLS-UHFFFAOYSA-N","ToxCast",NA,NA
"n-Heptanal","111-71-7","DTXSID0021597","FXHGMKSSBGDXIY-UHFFFAOYSA-N","ToxCast",NA,NA
"delta-Hexachlorocyclohexane","319-86-8","DTXSID5024134","JLYXXMFPNIAWKQ-GPIVLXJGNA-N","ToxCast",0.0728381276828585,0.00153386427092119
"4-Methyl-2-Pentanol","108-11-2","DTXSID2026781","WVYWICLMDOOCFB-UHFFFAOYNA-N","ToxCast",NA,NA
"Pentamethylphosphoramide (PMPA)","10159-46-3","DTXSID60144035","JSJBYUNWLNWERF-UHFFFAOYSA-N","ToxCast",NA,NA
"Perylene","198-55-0","DTXSID4047753","CSHWQDPOILHKBI-UHFFFAOYSA-N","ToxCast",NA,NA
"1-Phenyl-1-(2,4-dimethylphenyl)-ethane (PXE)","6165-52-2","DTXSID50884231","JOUBGGHXBLOLFY-UHFFFAOYNA-N","ToxCast",NA,NA
"1-Phenyl-1-(4-methylphenyl)-ethane (PTE)","3717-68-8","DTXSID101027177","BOKDBSJFKVOFBS-UHFFFAOYNA-N","ToxCast",NA,NA
"Picric Acid (2,4,6-Trinitrophenol)","88-89-1","DTXSID4025909","OXNIZHLAWKMVMX-UHFFFAOYSA-N","ToxCast",NA,NA
"N,N,N',N'' Tetramethylphosphoramide (TMPA)","16853-36-4","DTXSID80168576","IQICYUQNNRAIMZ-UHFFFAOYSA-N","ToxCast",NA,NA
"2,3-Toluenediamine","2687-25-4","DTXSID4027494","AXNUJYHFQHQZBE-UHFFFAOYSA-N","ToxCast",18.5311724001951,1.64594000394117
"3,4-Toluenediamine","496-72-0","DTXSID9024930","DGRGLKZMKWPMOH-UHFFFAOYSA-N","ToxCast",4.54944019980397,0.295465848190248
"o-Aminophenol","95-55-6","DTXSID8024498","CDAWCLOXVUBKRW-UHFFFAOYSA-N","ToxCast",21.6756273508874,1.40231871672574
"tert-Butylbenzene","98-06-6","DTXSID3047138","YTZKOQUCBOVLHL-UHFFFAOYSA-N","ToxCast",NA,NA
"sec-Butylbenzene","135-98-8","DTXSID2022333","ZJMWRROPUADPEA-UHFFFAOYNA-N","ToxCast",NA,NA
"Cyanogen Bromide","506-68-3","DTXSID9021550","ATDGTVJJHBUTRL-UHFFFAOYSA-N","ToxCast",NA,NA
"1,3-Dibromobenzene","108-36-1","DTXSID7051555","JSRLURSZEMLAFO-UHFFFAOYSA-N","ToxCast",NA,NA
"n-Heptane","142-82-5","DTXSID6024127","IMNFDUFMRHMDMM-UHFFFAOYSA-N","ToxCast",NA,NA
"Methyl Phosphonic Acid","993-13-5","DTXSID5047748","YACKEPLHDIMKIO-UHFFFAOYSA-N","ToxCast",NA,NA
"Picramic Acid (2-Amino-4,6-dinitrophenol)","96-91-3","DTXSID5024479","QXYMVUZOGFVPGH-UHFFFAOYSA-N","ToxCast",0.285614740926277,0.0478365983470099
"n-Propylbenzene","103-65-1","DTXSID3042219","ODLMAHJVESYWTB-UHFFFAOYSA-N","ToxCast",NA,NA
"1,2-Dinitrobenzene","528-29-0","DTXSID4024066","IZUKQUVSCNEFMJ-UHFFFAOYSA-N","ToxCast",3.34434884805266,0.324935189305837
"1,4-Dinitrobenzene","100-25-4","DTXSID0021836","FYFDQJRXFWGIBS-UHFFFAOYSA-N","ToxCast",NA,NA
"Thiocyanic Acid","463-56-9","DTXSID7047221","ZMZDMBWJUHKJPS-UHFFFAOYSA-N","ToxCast",NA,NA
"Methyl Acetate","79-20-9","DTXSID4021767","KXKVLQRXCPHEJC-UHFFFAOYSA-N","ToxCast",NA,NA
"Endosulfan Sulfate","1031-07-8","DTXSID3037541","AAPVQEMYVNZIOO-UHFFFAOYNA-N","ToxCast",0.0583101320617236,0.00382326819733879
"Guanidine","113-00-8","DTXSID0023117","ZRALSGWEFCBTJO-UHFFFAOYSA-N","ToxCast",NA,NA
